sequence,timestamp_us,temperature_C,ax_g,ay_g,az_g,gx_raw_dps,gy_raw_dps,gz_raw_dps,gx_corrected_dps,gy_corrected_dps,gz_corrected_dps
0,357470703,22.98,-0.04325,0.78338,-0.57988,0.391,-2.656,0.234,0.035,-0.009,0.046
1,357480468,22.98,-0.04312,0.78350,-0.58075,0.328,-2.641,0.156,-0.027,0.007,-0.032
2,357490234,22.90,-0.04312,0.78300,-0.58075,0.313,-2.688,0.188,-0.043,-0.040,-0.001
3,357500000,22.90,-0.04312,0.78300,-0.58000,0.313,-2.641,0.203,-0.043,0.007,0.015
4,357509765,22.95,-0.04325,0.78350,-0.58037,0.391,-2.641,0.188,0.035,0.007,-0.001
5,357520507,22.95,-0.04325,0.78375,-0.58062,0.328,-2.641,0.203,-0.027,0.007,0.015
6,357530273,22.90,-0.04325,0.78325,-0.58025,0.391,-2.641,0.172,0.035,0.007,-0.016
7,357540039,22.90,-0.04263,0.78325,-0.57988,0.375,-2.641,0.203,0.020,0.007,0.015
8,357549804,22.96,-0.04275,0.78375,-0.58013,0.344,-2.656,0.234,-0.011,-0.009,0.046
9,357560546,22.96,-0.04325,0.78325,-0.58000,0.328,-2.641,0.203,-0.027,0.007,0.015
10,357570312,22.95,-0.04325,0.78263,-0.58025,0.328,-2.672,0.250,-0.027,-0.024,0.062
11,357580078,22.95,-0.04300,0.78312,-0.58075,0.328,-2.641,0.188,-0.027,0.007,-0.001
12,357589843,22.98,-0.04312,0.78338,-0.58025,0.344,-2.641,0.203,-0.011,0.007,0.015
13,357600585,22.98,-0.04325,0.78350,-0.57975,0.344,-2.719,0.172,-0.011,-0.071,-0.016
14,357610351,22.97,-0.04312,0.78325,-0.58000,0.344,-2.656,0.172,-0.011,-0.009,-0.016
15,357620117,22.97,-0.04300,0.78263,-0.58062,0.422,-2.563,0.094,0.067,0.085,-0.094
16,357629882,22.94,-0.04300,0.78325,-0.58075,0.375,-2.641,0.156,0.020,0.007,-0.032
17,357640625,22.94,-0.04238,0.78412,-0.57975,0.375,-2.672,0.172,0.020,-0.024,-0.016
18,357650390,22.98,-0.04288,0.78363,-0.57950,0.344,-2.641,0.172,-0.011,0.007,-0.016
19,357660156,22.93,-0.04288,0.78325,-0.58000,0.313,-2.641,0.203,-0.043,0.007,0.015
20,357669921,22.93,-0.04288,0.78312,-0.58025,0.344,-2.656,0.234,-0.011,-0.009,0.046
21,357680664,22.96,-0.04337,0.78363,-0.58000,0.375,-2.641,0.203,0.020,0.007,0.015
22,357690429,22.96,-0.04288,0.78387,-0.58013,0.375,-2.656,0.172,0.020,-0.009,-0.016
23,357700195,22.94,-0.04238,0.78363,-0.58013,0.406,-2.641,0.172,0.051,0.007,-0.016
24,357709960,22.94,-0.04300,0.78375,-0.57950,0.453,-2.609,0.141,0.098,0.038,-0.047
25,357719726,22.97,-0.04350,0.78387,-0.58000,0.344,-2.641,0.125,-0.011,0.007,-0.063
26,357730468,22.97,-0.04325,0.78325,-0.57988,0.313,-2.656,0.156,-0.043,-0.009,-0.032
27,357740234,22.95,-0.04325,0.78338,-0.57975,0.391,-2.609,0.203,0.035,0.038,0.015
28,357750000,22.95,-0.04238,0.78338,-0.58013,0.391,-2.625,0.156,0.035,0.023,-0.032
29,357760742,22.95,-0.04288,0.78325,-0.58013,0.375,-2.672,0.172,0.020,-0.024,-0.016
30,357770507,22.95,-0.04325,0.78300,-0.58062,0.328,-2.672,0.172,-0.027,-0.024,-0.016
31,357780273,22.98,-0.04312,0.78325,-0.58088,0.297,-2.672,0.172,-0.058,-0.024,-0.016
32,357790039,22.98,-0.04350,0.78375,-0.58025,0.344,-2.656,0.156,-0.011,-0.009,-0.032
33,357799804,22.94,-0.04312,0.78363,-0.58000,0.344,-2.672,0.141,-0.011,-0.024,-0.047
34,357810546,22.94,-0.04275,0.78312,-0.58050,0.375,-2.625,0.125,0.020,0.023,-0.063
35,357820312,22.98,-0.04275,0.78312,-0.58100,0.406,-2.625,0.172,0.051,0.023,-0.016
36,357830078,22.98,-0.04238,0.78350,-0.58050,0.328,-2.609,0.156,-0.027,0.038,-0.032
37,357839843,22.96,-0.04263,0.78338,-0.58013,0.375,-2.625,0.188,0.020,0.023,-0.001
38,357850585,22.96,-0.04263,0.78300,-0.58013,0.375,-2.656,0.156,0.020,-0.009,-0.032
39,357860351,22.95,-0.04263,0.78312,-0.57988,0.313,-2.641,0.188,-0.043,0.007,-0.001
40,357870117,22.91,-0.04325,0.78325,-0.58025,0.406,-2.656,0.141,0.051,-0.009,-0.047
41,357879882,22.91,-0.04325,0.78287,-0.58075,0.344,-2.656,0.172,-0.011,-0.009,-0.016
42,357890625,22.94,-0.04325,0.78275,-0.58100,0.406,-2.688,0.125,0.051,-0.040,-0.063
43,357900390,22.94,-0.04337,0.78287,-0.58050,0.344,-2.656,0.188,-0.011,-0.009,-0.001
44,357910156,22.96,-0.04337,0.78312,-0.58013,0.328,-2.656,0.234,-0.027,-0.009,0.046
45,357919921,22.96,-0.04288,0.78325,-0.58013,0.391,-2.641,0.188,0.035,0.007,-0.001
46,357930664,22.94,-0.04325,0.78325,-0.58037,0.375,-2.688,0.234,0.020,-0.040,0.046
47,357940429,22.94,-0.04325,0.78325,-0.57975,0.375,-2.656,0.172,0.020,-0.009,-0.016
48,357950195,22.95,-0.04325,0.78338,-0.57937,0.328,-2.672,0.250,-0.027,-0.024,0.062
49,357959960,22.95,-0.04325,0.78312,-0.57950,0.422,-2.641,0.172,0.067,0.007,-0.016
50,357969726,22.99,-0.04300,0.78300,-0.57925,0.375,-2.656,0.203,0.020,-0.009,0.015
51,357980468,22.99,-0.04275,0.78350,-0.57988,0.344,-2.594,0.156,-0.011,0.054,-0.032
52,357990234,22.97,-0.04325,0.78312,-0.58000,0.391,-2.609,0.188,0.035,0.038,-0.001
53,358000000,22.97,-0.04350,0.78287,-0.58000,0.313,-2.609,0.203,-0.043,0.038,0.015
54,358009765,22.93,-0.04312,0.78287,-0.58000,0.344,-2.625,0.172,-0.011,0.023,-0.016
55,358020507,22.93,-0.04325,0.78300,-0.57988,0.406,-2.672,0.188,0.051,-0.024,-0.001
56,358030273,22.93,-0.04362,0.78350,-0.57988,0.375,-2.641,0.234,0.020,0.007,0.046
57,358040039,22.93,-0.04325,0.78350,-0.57975,0.422,-2.641,0.203,0.067,0.007,0.015
58,358049804,22.96,-0.04312,0.78338,-0.57950,0.391,-2.641,0.266,0.035,0.007,0.078
59,358060546,22.93,-0.04325,0.78312,-0.57937,0.375,-2.688,0.188,0.020,-0.040,-0.001
60,358070312,22.93,-0.04325,0.78312,-0.57988,0.375,-2.625,0.172,0.020,0.023,-0.016
61,358080078,22.93,-0.04337,0.78375,-0.58013,0.344,-2.656,0.234,-0.011,-0.009,0.046
62,358089843,22.93,-0.04325,0.78375,-0.58000,0.375,-2.656,0.234,0.020,-0.009,0.046
63,358100585,22.91,-0.04325,0.78338,-0.58013,0.375,-2.656,0.188,0.020,-0.009,-0.001
64,358110351,22.91,-0.04362,0.78375,-0.57975,0.391,-2.719,0.203,0.035,-0.071,0.015
65,358120117,22.94,-0.04337,0.78350,-0.57988,0.375,-2.641,0.188,0.020,0.007,-0.001
66,358129882,22.94,-0.04300,0.78363,-0.58000,0.344,-2.609,0.172,-0.011,0.038,-0.016
67,358140625,22.98,-0.04325,0.78350,-0.58000,0.422,-2.625,0.188,0.067,0.023,-0.001
68,358150390,22.98,-0.04312,0.78363,-0.57975,0.375,-2.641,0.234,0.020,0.007,0.046
69,358160156,22.97,-0.04325,0.78350,-0.57975,0.328,-2.641,0.234,-0.027,0.007,0.046
70,358169921,22.97,-0.04325,0.78300,-0.58013,0.344,-2.688,0.203,-0.011,-0.040,0.015
71,358180664,22.96,-0.04325,0.78325,-0.58050,0.328,-2.672,0.172,-0.027,-0.024,-0.016
72,358190429,22.96,-0.04362,0.78338,-0.58050,0.344,-2.625,0.172,-0.011,0.023,-0.016
73,358201171,22.93,-0.04325,0.78375,-0.58013,0.375,-2.625,0.203,0.020,0.023,0.015
74,358209960,22.93,-0.04263,0.78375,-0.57937,0.422,-2.641,0.141,0.067,0.007,-0.047
75,358219726,22.93,-0.04263,0.78312,-0.57937,0.438,-2.672,0.203,0.082,-0.024,0.015
76,358230468,22.93,-0.04337,0.78325,-0.57975,0.313,-2.656,0.188,-0.043,-0.009,-0.001
77,358240234,22.95,-0.04325,0.78375,-0.57988,0.344,-2.672,0.172,-0.011,-0.024,-0.016
78,358250000,22.95,-0.04275,0.78375,-0.57988,0.406,-2.672,0.188,0.051,-0.024,-0.001
79,358259765,22.96,-0.04288,0.78338,-0.58000,0.313,-2.672,0.156,-0.043,-0.024,-0.032
80,358270507,22.92,-0.04263,0.78325,-0.57988,0.344,-2.641,0.203,-0.011,0.007,0.015
81,358280273,22.92,-0.04300,0.78350,-0.57975,0.422,-2.625,0.203,0.067,0.023,0.015
82,358290039,22.98,-0.04350,0.78338,-0.57937,0.328,-2.656,0.188,-0.027,-0.009,-0.001
83,358299804,22.98,-0.04325,0.78300,-0.57988,0.406,-2.625,0.172,0.051,0.023,-0.016
84,358310546,22.96,-0.04325,0.78350,-0.57925,0.328,-2.672,0.188,-0.027,-0.024,-0.001
85,358320312,22.96,-0.04300,0.78338,-0.58025,0.313,-2.641,0.234,-0.043,0.007,0.046
86,358330078,22.98,-0.04288,0.78350,-0.58025,0.344,-2.641,0.203,-0.011,0.007,0.015
87,358339843,22.98,-0.04362,0.78412,-0.58000,0.344,-2.672,0.156,-0.011,-0.024,-0.032
88,358350585,22.95,-0.04325,0.78387,-0.58000,0.344,-2.672,0.156,-0.011,-0.024,-0.032
89,358360351,22.95,-0.04325,0.78363,-0.57962,0.344,-2.672,0.188,-0.011,-0.024,-0.001
90,358370117,22.96,-0.04337,0.78338,-0.57900,0.422,-2.641,0.188,0.067,0.007,-0.001
91,358379882,22.96,-0.04325,0.78287,-0.57950,0.344,-2.672,0.203,-0.011,-0.024,0.015
92,358390625,22.94,-0.04300,0.78287,-0.57975,0.328,-2.688,0.188,-0.027,-0.040,-0.001
93,358400390,22.94,-0.04325,0.78312,-0.57950,0.375,-2.672,0.172,0.020,-0.024,-0.016
94,358410156,22.97,-0.04288,0.78325,-0.57950,0.281,-2.656,0.156,-0.074,-0.009,-0.032
95,358419921,22.97,-0.04312,0.78350,-0.57950,0.313,-2.594,0.188,-0.043,0.054,-0.001
96,358430664,22.93,-0.04325,0.78338,-0.57988,0.328,-2.625,0.203,-0.027,0.023,0.015
97,358440429,22.93,-0.04288,0.78312,-0.57950,0.344,-2.641,0.156,-0.011,0.007,-0.032
98,358450195,22.89,-0.04275,0.78300,-0.57962,0.391,-2.688,0.203,0.035,-0.040,0.015
99,358459960,22.89,-0.04312,0.78338,-0.58037,0.344,-2.672,0.188,-0.011,-0.024,-0.001
100,358469726,22.95,-0.04337,0.78287,-0.57988,0.375,-2.688,0.234,0.020,-0.040,0.046
101,358480468,22.91,-0.04362,0.78275,-0.57975,0.344,-2.672,0.234,-0.011,-0.024,0.046
102,358491210,22.91,-0.04362,0.78400,-0.58000,0.391,-2.656,0.172,0.035,-0.009,-0.016
103,358500000,22.96,-0.04312,0.78400,-0.57975,0.391,-2.656,0.188,0.035,-0.009,-0.001
104,358509765,22.96,-0.04288,0.78325,-0.57988,0.281,-2.656,0.234,-0.074,-0.009,0.046
105,358520507,22.93,-0.04337,0.78312,-0.58075,0.328,-2.656,0.266,-0.027,-0.009,0.078
106,358530273,22.93,-0.04362,0.78312,-0.58013,0.328,-2.641,0.234,-0.027,0.007,0.046
107,358541015,22.95,-0.04350,0.78338,-0.57975,0.375,-2.641,0.188,0.020,0.007,-0.001
108,358549804,22.95,-0.04400,0.78350,-0.57950,0.375,-2.672,0.234,0.020,-0.024,0.046
109,358560546,22.98,-0.04325,0.78350,-0.57900,0.344,-2.688,0.188,-0.011,-0.040,-0.001
110,358570312,22.98,-0.04225,0.78312,-0.57962,0.328,-2.641,0.172,-0.027,0.007,-0.016
111,358580078,22.94,-0.04275,0.78312,-0.58025,0.375,-2.656,0.188,0.020,-0.009,-0.001
112,358590820,22.94,-0.04312,0.78263,-0.58013,0.375,-2.656,0.172,0.020,-0.009,-0.016
113,358600585,22.98,-0.04312,0.78300,-0.58013,0.375,-2.672,0.172,0.020,-0.024,-0.016
114,358610351,22.98,-0.04312,0.78375,-0.58000,0.344,-2.625,0.203,-0.011,0.023,0.015
115,358620117,22.97,-0.04275,0.78325,-0.57950,0.391,-2.656,0.188,0.035,-0.009,-0.001
116,358629882,22.97,-0.04238,0.78350,-0.58000,0.328,-2.672,0.188,-0.027,-0.024,-0.001
117,358640625,22.94,-0.04325,0.78400,-0.58025,0.328,-2.656,0.203,-0.027,-0.009,0.015
118,358650390,22.94,-0.04337,0.78363,-0.57988,0.328,-2.609,0.141,-0.027,0.038,-0.047
119,358660156,22.94,-0.04312,0.78350,-0.58013,0.344,-2.625,0.141,-0.011,0.023,-0.047
120,358669921,22.94,-0.04350,0.78325,-0.57988,0.391,-2.641,0.188,0.035,0.007,-0.001
121,358680664,22.96,-0.04312,0.78350,-0.58025,0.328,-2.625,0.141,-0.027,0.023,-0.047
122,358690429,22.95,-0.04288,0.78363,-0.58037,0.375,-2.672,0.156,0.020,-0.024,-0.032
123,358700195,22.95,-0.04300,0.78350,-0.58013,0.344,-2.656,0.203,-0.011,-0.009,0.015
124,358709960,22.91,-0.04300,0.78363,-0.57962,0.281,-2.609,0.141,-0.074,0.038,-0.047
125,358719726,22.91,-0.04263,0.78338,-0.57950,0.328,-2.641,0.266,-0.027,0.007,0.078
126,358730468,22.96,-0.04300,0.78375,-0.57962,0.406,-2.656,0.266,0.051,-0.009,0.078
127,358740234,22.96,-0.04350,0.78312,-0.57937,0.297,-2.609,0.250,-0.058,0.038,0.062
128,358750000,22.99,-0.04325,0.78325,-0.57950,0.375,-2.625,0.156,0.020,0.023,-0.032
129,358759765,22.99,-0.04325,0.78375,-0.58000,0.406,-2.656,0.141,0.051,-0.009,-0.047
130,358770507,22.92,-0.04325,0.78363,-0.58050,0.344,-2.656,0.172,-0.011,-0.009,-0.016
131,358780273,22.92,-0.04337,0.78338,-0.58013,0.344,-2.672,0.172,-0.011,-0.024,-0.016
132,358790039,22.95,-0.04350,0.78350,-0.57962,0.375,-2.641,0.172,0.020,0.007,-0.016
133,358799804,22.95,-0.04325,0.78350,-0.57962,0.375,-2.625,0.188,0.020,0.023,-0.001
134,358810546,22.96,-0.04300,0.78287,-0.57937,0.406,-2.656,0.141,0.051,-0.009,-0.047
135,358820312,22.96,-0.04312,0.78350,-0.57950,0.391,-2.656,0.203,0.035,-0.009,0.015
136,358830078,22.95,-0.04275,0.78375,-0.57950,0.375,-2.641,0.203,0.020,0.007,0.015
137,358839843,22.95,-0.04312,0.78312,-0.57937,0.406,-2.656,0.188,0.051,-0.009,-0.001
138,358850585,22.96,-0.04362,0.78300,-0.58000,0.328,-2.734,0.203,-0.027,-0.087,0.015
139,358860351,22.96,-0.04337,0.78350,-0.58000,0.313,-2.719,0.234,-0.043,-0.071,0.046
140,358870117,22.91,-0.04325,0.78363,-0.57875,0.391,-2.719,0.234,0.035,-0.071,0.046
141,358879882,22.91,-0.04350,0.78350,-0.57913,0.344,-2.656,0.203,-0.011,-0.009,0.015
142,358890625,22.93,-0.04350,0.78338,-0.58013,0.375,-2.641,0.234,0.020,0.007,0.046
143,358900390,22.94,-0.04362,0.78375,-0.57950,0.344,-2.688,0.234,-0.011,-0.040,0.046
144,358910156,22.94,-0.04412,0.78425,-0.57975,0.375,-2.656,0.188,0.020,-0.009,-0.001
145,358919921,22.97,-0.04375,0.78400,-0.58025,0.328,-2.688,0.172,-0.027,-0.040,-0.016
146,358930664,22.97,-0.04300,0.78325,-0.57925,0.328,-2.641,0.156,-0.027,0.007,-0.032
147,358940429,22.94,-0.04275,0.78300,-0.57950,0.328,-2.656,0.234,-0.027,-0.009,0.046
148,358950195,22.94,-0.04312,0.78312,-0.57975,0.328,-2.672,0.203,-0.027,-0.024,0.015
149,358959960,22.96,-0.04325,0.78325,-0.57925,0.406,-2.625,0.172,0.051,0.023,-0.016
150,358969726,22.96,-0.04325,0.78338,-0.58000,0.344,-2.641,0.234,-0.011,0.007,0.046
151,358980468,22.92,-0.04350,0.78363,-0.58062,0.406,-2.625,0.188,0.051,0.023,-0.001
152,358990234,22.92,-0.04325,0.78387,-0.58037,0.406,-2.578,0.203,0.051,0.070,0.015
153,359000000,22.92,-0.04300,0.78400,-0.58037,0.344,-2.656,0.203,-0.011,-0.009,0.015
154,359009765,22.92,-0.04337,0.78387,-0.58050,0.344,-2.672,0.188,-0.011,-0.024,-0.001
155,359020507,22.96,-0.04325,0.78412,-0.58062,0.344,-2.625,0.188,-0.011,0.023,-0.001
156,359030273,22.96,-0.04312,0.78338,-0.57975,0.375,-2.641,0.188,0.020,0.007,-0.001
157,359040039,22.95,-0.04325,0.78350,-0.57913,0.375,-2.578,0.141,0.020,0.070,-0.047
158,359049804,22.95,-0.04325,0.78387,-0.57937,0.344,-2.641,0.172,-0.011,0.007,-0.016
159,359060546,22.96,-0.04312,0.78325,-0.57975,0.406,-2.641,0.188,0.051,0.007,-0.001
160,359070312,22.96,-0.04325,0.78338,-0.57988,0.328,-2.641,0.188,-0.027,0.007,-0.001
161,359080078,22.94,-0.04337,0.78363,-0.57925,0.328,-2.672,0.188,-0.027,-0.024,-0.001
162,359089843,22.91,-0.04337,0.78300,-0.57888,0.344,-2.656,0.250,-0.011,-0.009,0.062
163,359100585,22.91,-0.04325,0.78312,-0.57988,0.344,-2.625,0.203,-0.011,0.023,0.015
164,359110351,22.94,-0.04312,0.78312,-0.57988,0.297,-2.609,0.172,-0.058,0.038,-0.016
165,359120117,22.94,-0.04288,0.78287,-0.57962,0.344,-2.672,0.188,-0.011,-0.024,-0.001
166,359129882,22.94,-0.04312,0.78387,-0.58000,0.375,-2.656,0.156,0.020,-0.009,-0.032
167,359140625,22.94,-0.04275,0.78363,-0.57988,0.375,-2.672,0.188,0.020,-0.024,-0.001
168,359150390,22.96,-0.04300,0.78350,-0.58000,0.375,-2.672,0.188,0.020,-0.024,-0.001
169,359160156,22.96,-0.04325,0.78350,-0.57925,0.406,-2.641,0.234,0.051,0.007,0.046
170,359169921,22.97,-0.04362,0.78312,-0.57900,0.313,-2.672,0.234,-0.043,-0.024,0.046
171,359180664,22.97,-0.04325,0.78363,-0.57988,0.375,-2.672,0.203,0.020,-0.024,0.015
172,359190429,22.99,-0.04337,0.78387,-0.58025,0.344,-2.641,0.172,-0.011,0.007,-0.016
173,359200195,22.99,-0.04312,0.78363,-0.58013,0.313,-2.641,0.141,-0.043,0.007,-0.047
174,359209960,22.95,-0.04288,0.78312,-0.57937,0.344,-2.656,0.188,-0.011,-0.009,-0.001
175,359220703,22.95,-0.04312,0.78300,-0.57913,0.344,-2.641,0.266,-0.011,0.007,0.078
176,359230468,22.96,-0.04325,0.78338,-0.57950,0.391,-2.641,0.156,0.035,0.007,-0.032
177,359240234,22.96,-0.04312,0.78375,-0.57937,0.313,-2.656,0.234,-0.043,-0.009,0.046
178,359250000,22.95,-0.04288,0.78375,-0.57975,0.328,-2.625,0.172,-0.027,0.023,-0.016
179,359259765,22.95,-0.04263,0.78375,-0.57962,0.406,-2.625,0.203,0.051,0.023,0.015
180,359271484,22.92,-0.04275,0.78375,-0.57925,0.391,-2.672,0.203,0.035,-0.024,0.015
181,359280273,22.92,-0.04312,0.78325,-0.57962,0.328,-2.641,0.188,-0.027,0.007,-0.001
182,359290039,22.92,-0.04312,0.78338,-0.57950,0.297,-2.625,0.250,-0.058,0.023,0.062
183,359299804,22.93,-0.04288,0.78400,-0.57925,0.328,-2.641,0.188,-0.027,0.007,-0.001
184,359310546,22.93,-0.04263,0.78350,-0.57950,0.391,-2.609,0.172,0.035,0.038,-0.016
185,359321289,22.93,-0.04300,0.78350,-0.57950,0.344,-2.656,0.172,-0.011,-0.009,-0.016
186,359330078,22.93,-0.04288,0.78363,-0.57925,0.344,-2.719,0.234,-0.011,-0.071,0.046
187,359339843,22.95,-0.04238,0.78287,-0.57937,0.375,-2.688,0.234,0.020,-0.040,0.046
188,359350585,22.95,-0.04325,0.78375,-0.57962,0.406,-2.641,0.188,0.051,0.007,-0.001
189,359360351,22.98,-0.04312,0.78312,-0.58000,0.406,-2.656,0.188,0.051,-0.009,-0.001
190,359371093,22.98,-0.04300,0.78350,-0.57937,0.328,-2.688,0.234,-0.027,-0.040,0.046
191,359379882,22.96,-0.04312,0.78387,-0.57900,0.375,-2.625,0.172,0.020,0.023,-0.016
192,359390625,22.96,-0.04250,0.78375,-0.57925,0.422,-2.688,0.188,0.067,-0.040,-0.001
193,359400390,22.96,-0.04275,0.78400,-0.57975,0.344,-2.672,0.172,-0.011,-0.024,-0.016
194,359410156,22.96,-0.04325,0.78387,-0.57962,0.344,-2.672,0.203,-0.011,-0.024,0.015
195,359419921,22.93,-0.04288,0.78375,-0.57988,0.344,-2.672,0.188,-0.011,-0.024,-0.001
196,359430664,22.93,-0.04288,0.78387,-0.57975,0.422,-2.672,0.203,0.067,-0.024,0.015
197,359440429,22.92,-0.04325,0.78387,-0.58013,0.375,-2.656,0.250,0.020,-0.009,0.062
198,359450195,22.92,-0.04350,0.78375,-0.58013,0.344,-2.641,0.188,-0.011,0.007,-0.001
199,359459960,22.93,-0.04300,0.78338,-0.57925,0.406,-2.625,0.141,0.051,0.023,-0.047
200,359469726,22.93,-0.04275,0.78375,-0.57962,0.375,-2.625,0.141,0.020,0.023,-0.047
201,359480468,22.94,-0.04312,0.78387,-0.57950,0.375,-2.641,0.141,0.020,0.007,-0.047
202,359490234,22.93,-0.04325,0.78350,-0.57937,0.313,-2.641,0.203,-0.043,0.007,0.015
203,359500000,22.93,-0.04288,0.78338,-0.57988,0.313,-2.672,0.234,-0.043,-0.024,0.046
204,359509765,22.97,-0.04275,0.78338,-0.57950,0.391,-2.625,0.250,0.035,0.023,0.062
205,359520507,22.97,-0.04312,0.78338,-0.57962,0.328,-2.672,0.234,-0.027,-0.024,0.046
206,359530273,22.93,-0.04350,0.78350,-0.58025,0.344,-2.656,0.250,-0.011,-0.009,0.062
207,359540039,22.93,-0.04387,0.78338,-0.57913,0.328,-2.688,0.141,-0.027,-0.040,-0.047
208,359549804,22.98,-0.04375,0.78350,-0.57950,0.375,-2.672,0.188,0.020,-0.024,-0.001
209,359560546,22.98,-0.04300,0.78363,-0.58000,0.344,-2.641,0.172,-0.011,0.007,-0.016
210,359570312,22.94,-0.04300,0.78363,-0.58000,0.328,-2.688,0.188,-0.027,-0.040,-0.001
211,359580078,22.94,-0.04288,0.78338,-0.57975,0.375,-2.641,0.156,0.020,0.007,-0.032
212,359589843,22.95,-0.04325,0.78375,-0.57962,0.344,-2.656,0.203,-0.011,-0.009,0.015
213,359600585,22.95,-0.04325,0.78375,-0.57962,0.375,-2.688,0.203,0.020,-0.040,0.015
214,359610351,22.93,-0.04325,0.78350,-0.57937,0.344,-2.641,0.250,-0.011,0.007,0.062
215,359620117,22.93,-0.04325,0.78400,-0.57950,0.281,-2.641,0.250,-0.074,0.007,0.062
216,359629882,22.94,-0.04275,0.78400,-0.57962,0.391,-2.688,0.250,0.035,-0.040,0.062
217,359640625,22.94,-0.04250,0.78350,-0.57988,0.406,-2.641,0.188,0.051,0.007,-0.001
218,359650390,22.99,-0.04300,0.78338,-0.58013,0.375,-2.641,0.141,0.020,0.007,-0.047
219,359661132,22.99,-0.04325,0.78363,-0.57975,0.344,-2.656,0.203,-0.011,-0.009,0.015
220,359669921,22.94,-0.04362,0.78375,-0.57975,0.344,-2.641,0.234,-0.011,0.007,0.046
221,359680664,22.98,-0.04350,0.78363,-0.57950,0.375,-2.656,0.188,0.020,-0.009,-0.001
222,359690429,22.98,-0.04325,0.78387,-0.57925,0.375,-2.656,0.203,0.020,-0.009,0.015
223,359700195,22.94,-0.04337,0.78387,-0.57975,0.391,-2.656,0.172,0.035,-0.009,-0.016
224,359709960,22.94,-0.04312,0.78363,-0.58025,0.375,-2.641,0.172,0.020,0.007,-0.016
225,359719726,22.94,-0.04275,0.78412,-0.57937,0.406,-2.656,0.188,0.051,-0.009,-0.001
226,359730468,22.94,-0.04263,0.78450,-0.57925,0.375,-2.672,0.188,0.020,-0.024,-0.001
227,359740234,22.93,-0.04238,0.78375,-0.57937,0.344,-2.641,0.188,-0.011,0.007,-0.001
228,359750000,22.93,-0.04263,0.78338,-0.57937,0.422,-2.625,0.156,0.067,0.023,-0.032
229,359759765,22.95,-0.04300,0.78387,-0.57913,0.328,-2.656,0.234,-0.027,-0.009,0.046
230,359770507,22.95,-0.04263,0.78387,-0.57900,0.313,-2.719,0.203,-0.043,-0.071,0.015
231,359780273,22.93,-0.04300,0.78387,-0.57950,0.328,-2.656,0.188,-0.027,-0.009,-0.001
232,359790039,22.93,-0.04312,0.78412,-0.57988,0.391,-2.641,0.156,0.035,0.007,-0.032
233,359799804,22.98,-0.04300,0.78338,-0.57975,0.344,-2.641,0.156,-0.011,0.007,-0.032
234,359810546,22.98,-0.04250,0.78338,-0.57913,0.328,-2.672,0.234,-0.027,-0.024,0.046
235,359820312,22.95,-0.04238,0.78375,-0.57875,0.406,-2.641,0.141,0.051,0.007,-0.047
236,359830078,22.95,-0.04263,0.78387,-0.57950,0.344,-2.641,0.172,-0.011,0.007,-0.016
237,359839843,22.93,-0.04325,0.78375,-0.57962,0.344,-2.609,0.203,-0.011,0.038,0.015
238,359850585,22.93,-0.04362,0.78350,-0.57913,0.328,-2.594,0.172,-0.027,0.054,-0.016
239,359860351,22.95,-0.04350,0.78363,-0.57900,0.313,-2.641,0.156,-0.043,0.007,-0.032
240,359870117,22.95,-0.04300,0.78363,-0.57937,0.344,-2.625,0.156,-0.011,0.023,-0.032
241,359879882,22.95,-0.04238,0.78363,-0.57950,0.344,-2.641,0.188,-0.011,0.007,-0.001
242,359890625,22.98,-0.04288,0.78338,-0.57962,0.391,-2.656,0.172,0.035,-0.009,-0.016
243,359900390,22.98,-0.04337,0.78312,-0.57988,0.375,-2.688,0.156,0.020,-0.040,-0.032
244,359910156,22.93,-0.04300,0.78325,-0.57913,0.422,-2.641,0.188,0.067,0.007,-0.001
245,359919921,22.93,-0.04275,0.78375,-0.57888,0.297,-2.672,0.234,-0.058,-0.024,0.046
246,359930664,22.93,-0.04288,0.78375,-0.58013,0.313,-2.656,0.203,-0.043,-0.009,0.015
247,359940429,22.93,-0.04263,0.78363,-0.57950,0.328,-2.672,0.203,-0.027,-0.024,0.015
248,359950195,22.93,-0.04225,0.78425,-0.57937,0.406,-2.625,0.250,0.051,0.023,0.062
249,359959960,22.93,-0.04250,0.78363,-0.57962,0.344,-2.688,0.188,-0.011,-0.040,-0.001
250,359969726,22.93,-0.04337,0.78375,-0.57962,0.328,-2.672,0.234,-0.027,-0.024,0.046
251,359980468,22.93,-0.04362,0.78375,-0.57962,0.391,-2.625,0.172,0.035,0.023,-0.016
252,359990234,22.97,-0.04312,0.78363,-0.57937,0.375,-2.625,0.203,0.020,0.023,0.015
253,360000000,22.97,-0.04325,0.78338,-0.57913,0.422,-2.672,0.234,0.067,-0.024,0.046
254,360009765,22.96,-0.04387,0.78375,-0.57913,0.281,-2.656,0.203,-0.074,-0.009,0.015
255,360020507,22.96,-0.04350,0.78387,-0.57988,0.344,-2.625,0.172,-0.011,0.023,-0.016
256,360030273,22.94,-0.04288,0.78338,-0.58025,0.406,-2.656,0.188,0.051,-0.009,-0.001
257,360040039,22.94,-0.04325,0.78350,-0.57975,0.391,-2.688,0.156,0.035,-0.040,-0.032
258,360049804,22.93,-0.04362,0.78350,-0.57975,0.375,-2.656,0.188,0.020,-0.009,-0.001
259,360060546,22.93,-0.04350,0.78375,-0.57988,0.375,-2.672,0.203,0.020,-0.024,0.015
260,360070312,22.96,-0.04325,0.78375,-0.57988,0.328,-2.719,0.234,-0.027,-0.071,0.046
261,360080078,22.96,-0.04325,0.78363,-0.57950,0.328,-2.688,0.172,-0.027,-0.040,-0.016
262,360089843,22.96,-0.04337,0.78375,-0.57937,0.375,-2.656,0.141,0.020,-0.009,-0.047
263,360101562,22.94,-0.04337,0.78350,-0.57925,0.344,-2.641,0.234,-0.011,0.007,0.046
264,360110351,22.94,-0.04337,0.78350,-0.57900,0.344,-2.672,0.234,-0.011,-0.024,0.046
265,360120117,23.00,-0.04337,0.78363,-0.57975,0.328,-2.609,0.172,-0.027,0.038,-0.016
266,360129882,23.00,-0.04325,0.78350,-0.57988,0.422,-2.625,0.156,0.067,0.023,-0.032
267,360140625,22.96,-0.04300,0.78375,-0.57962,0.313,-2.656,0.234,-0.043,-0.009,0.046
268,360151367,22.96,-0.04325,0.78375,-0.57988,0.375,-2.656,0.234,0.020,-0.009,0.046
269,360160156,22.95,-0.04337,0.78450,-0.57975,0.297,-2.719,0.250,-0.058,-0.071,0.062
270,360169921,22.95,-0.04337,0.78412,-0.57975,0.375,-2.656,0.250,0.020,-0.009,0.062
271,360180664,22.93,-0.04362,0.78350,-0.57975,0.344,-2.641,0.234,-0.011,0.007,0.046
272,360190429,22.93,-0.04300,0.78412,-0.57975,0.344,-2.656,0.156,-0.011,-0.009,-0.032
273,360200195,22.95,-0.04263,0.78412,-0.57937,0.391,-2.656,0.234,0.035,-0.009,0.046
274,360209960,22.95,-0.04300,0.78400,-0.57925,0.344,-2.656,0.234,-0.011,-0.009,0.046
275,360219726,22.96,-0.04312,0.78400,-0.57975,0.328,-2.672,0.203,-0.027,-0.024,0.015
276,360230468,22.96,-0.04312,0.78387,-0.57925,0.344,-2.656,0.234,-0.011,-0.009,0.046
277,360240234,22.90,-0.04288,0.78387,-0.57913,0.328,-2.641,0.234,-0.027,0.007,0.046
278,360250000,22.90,-0.04312,0.78338,-0.57925,0.344,-2.719,0.266,-0.011,-0.071,0.078
279,360259765,22.92,-0.04325,0.78350,-0.57888,0.406,-2.672,0.250,0.051,-0.024,0.062
280,360270507,22.92,-0.04288,0.78338,-0.57900,0.375,-2.656,0.172,0.020,-0.009,-0.016
281,360280273,22.92,-0.04288,0.78350,-0.57925,0.344,-2.625,0.203,-0.011,0.023,0.015
282,360290039,22.92,-0.04337,0.78412,-0.57900,0.375,-2.656,0.234,0.020,-0.009,0.046
283,360299804,22.90,-0.04437,0.78538,-0.57813,0.172,-2.672,0.172,-0.183,-0.024,-0.016
284,360310546,22.96,-0.04487,0.78587,-0.57688,-0.250,-2.734,0.203,-0.605,-0.087,0.015
285,360320312,22.96,-0.04500,0.78512,-0.57675,-0.125,-2.734,0.297,-0.480,-0.087,0.109
286,360330078,22.92,-0.04350,0.78287,-0.57862,1.578,-2.594,0.266,1.223,0.054,0.078
287,360339843,22.92,-0.04200,0.78150,-0.58213,1.484,-2.672,0.203,1.129,-0.024,0.015
288,360350585,22.93,-0.04088,0.77987,-0.58300,-0.156,-2.672,0.172,-0.511,-0.024,-0.016
289,360360351,22.93,-0.03963,0.78125,-0.58200,-0.125,-2.766,0.203,-0.480,-0.118,0.015
290,360370117,22.92,-0.03925,0.78263,-0.58137,0.844,-2.594,0.188,0.489,0.054,-0.001
291,360379882,22.92,-0.04050,0.78300,-0.57950,-0.125,-2.688,0.250,-0.480,-0.040,0.062
292,360390625,22.94,-0.04300,0.78525,-0.57725,-0.828,-2.734,0.094,-1.183,-0.087,-0.094
293,360400390,22.94,-0.04550,0.78663,-0.57525,-0.031,-2.672,0.156,-0.386,-0.024,-0.032
294,360410156,22.93,-0.04713,0.78738,-0.57488,0.563,-2.625,0.203,0.207,0.023,0.015
295,360419921,22.93,-0.04825,0.78687,-0.57537,0.344,-2.625,0.188,-0.011,0.023,-0.001
296,360430664,22.97,-0.04825,0.78550,-0.57612,0.438,-2.641,0.203,0.082,0.007,0.015
297,360441406,22.97,-0.04725,0.78450,-0.57813,1.000,-2.656,0.266,0.645,-0.009,0.078
298,360450195,22.95,-0.04500,0.78263,-0.58013,1.047,-2.656,0.281,0.692,-0.009,0.093
299,360459960,22.95,-0.04275,0.78112,-0.58200,0.609,-2.688,0.281,0.254,-0.040,0.093
300,360469726,22.95,-0.03975,0.78075,-0.58350,0.563,-2.672,0.281,0.207,-0.024,0.093
301,360480468,22.95,-0.03700,0.78000,-0.58388,0.609,-2.641,0.266,0.254,0.007,0.078
302,360490234,22.94,-0.03575,0.78012,-0.58350,0.344,-2.656,0.234,-0.011,-0.009,0.046
303,360500000,22.94,-0.03650,0.78125,-0.58213,-0.063,-2.656,0.188,-0.418,-0.009,-0.001
304,360509765,22.92,-0.03862,0.78325,-0.58088,-0.266,-2.656,0.141,-0.621,-0.009,-0.047
305,360520507,22.96,-0.04175,0.78438,-0.57850,-0.016,-2.531,0.031,-0.371,0.116,-0.157
306,360530273,22.96,-0.04475,0.78538,-0.57700,-0.016,-2.641,0.063,-0.371,0.007,-0.126
307,360541015,22.97,-0.04825,0.78712,-0.57588,-0.156,-2.531,0.109,-0.511,0.116,-0.079
308,360549804,22.97,-0.05112,0.78575,-0.57463,0.719,-2.594,0.172,0.364,0.054,-0.016
309,360560546,22.95,-0.04938,0.78812,-0.57675,1.109,-2.609,0.156,0.754,0.038,-0.032
310,360570312,22.95,-0.04637,0.78375,-0.57750,0.172,-2.781,0.297,-0.183,-0.134,0.109
311,360580078,22.96,-0.04300,0.78338,-0.57900,0.688,-2.766,0.328,0.332,-0.118,0.140
312,360590820,22.96,-0.04013,0.78338,-0.58188,1.500,-2.625,0.344,1.145,0.023,0.156
313,360600585,22.93,-0.03513,0.78025,-0.58375,1.031,-2.672,0.297,0.676,-0.024,0.109
314,360610351,22.93,-0.03587,0.78125,-0.58425,-0.234,-2.750,0.250,-0.590,-0.102,0.062
315,360620117,22.95,-0.03675,0.78087,-0.58250,0.047,-2.625,0.031,-0.308,0.023,-0.157
316,360629882,22.95,-0.03825,0.78112,-0.58200,0.391,-2.594,0.250,0.035,0.054,0.062
317,360640625,22.96,-0.04100,0.78175,-0.58137,0.703,-2.531,0.109,0.348,0.116,-0.079
318,360650390,22.96,-0.04475,0.78287,-0.57937,-0.859,-2.656,0.016,-1.215,-0.009,-0.172
319,360660156,22.94,-0.04825,0.78550,-0.57725,-0.234,-2.641,0.047,-0.590,0.007,-0.141
320,360669921,22.94,-0.04913,0.78600,-0.57575,0.406,-2.609,0.188,0.051,0.038,-0.001
321,360680664,22.93,-0.04863,0.78625,-0.57488,0.375,-2.641,0.156,0.020,0.007,-0.032
322,360690429,22.93,-0.04800,0.78700,-0.57450,-0.109,-2.750,0.203,-0.465,-0.102,0.015
323,360700195,22.91,-0.04487,0.78638,-0.57588,0.625,-2.719,0.234,0.270,-0.071,0.046
324,360709960,22.89,-0.04275,0.78550,-0.57700,0.766,-2.719,0.297,0.410,-0.071,0.109
325,360719726,22.89,-0.04150,0.78475,-0.57813,0.625,-2.688,0.297,0.270,-0.040,0.109
326,360731445,22.91,-0.03975,0.78263,-0.58013,0.891,-2.594,0.188,0.535,0.054,-0.001
327,360740234,22.91,-0.03825,0.78187,-0.58250,1.203,-2.563,0.234,0.848,0.085,0.046
328,360750000,22.89,-0.03825,0.78075,-0.58413,0.250,-2.641,0.156,-0.105,0.007,-0.032
329,360759765,22.89,-0.03975,0.78025,-0.58437,0.188,-2.609,0.125,-0.168,0.038,-0.063
330,360770507,22.91,-0.04375,0.78325,-0.58050,-0.234,-2.641,0.125,-0.590,0.007,-0.063
331,360780273,22.91,-0.04625,0.78625,-0.57625,-0.891,-2.688,0.016,-1.246,-0.040,-0.172
332,360790039,22.96,-0.04788,0.78825,-0.57275,-0.734,-2.734,0.109,-1.090,-0.087,-0.079
333,360799804,22.96,-0.04713,0.78838,-0.57275,0.703,-2.531,0.234,0.348,0.116,0.046
334,360810546,22.96,-0.04500,0.78575,-0.57575,1.484,-2.578,0.266,1.129,0.070,0.078
335,360820312,22.96,-0.04288,0.78238,-0.58037,1.359,-2.625,0.188,1.004,0.023,-0.001
336,360830078,22.94,-0.04050,0.78000,-0.58413,1.266,-2.609,0.266,0.910,0.038,0.078
337,360839843,22.94,-0.03837,0.77975,-0.58550,1.016,-2.641,0.297,0.660,0.007,0.109
338,360850585,22.98,-0.03762,0.77975,-0.58525,0.000,-2.781,0.203,-0.355,-0.134,0.015
339,360860351,22.98,-0.03775,0.78075,-0.58337,-0.531,-2.766,0.172,-0.886,-0.118,-0.016
340,360870117,22.95,-0.03900,0.78338,-0.57988,-0.375,-2.719,0.156,-0.730,-0.071,-0.032
341,360879882,22.95,-0.04213,0.78612,-0.57637,-0.281,-2.609,0.094,-0.636,0.038,-0.094
342,360890625,22.94,-0.04612,0.78787,-0.57412,-0.453,-2.563,-0.016,-0.808,0.085,-0.204
343,360900390,22.94,-0.04963,0.78800,-0.57300,0.047,-2.438,0.016,-0.308,0.210,-0.172
344,360910156,22.89,-0.05187,0.78725,-0.57437,0.906,-2.422,0.125,0.551,0.226,-0.063
345,360919921,22.92,-0.05200,0.78638,-0.57675,1.016,-2.516,0.172,0.660,0.132,-0.016
346,360931640,22.92,-0.05050,0.78487,-0.57800,0.594,-2.766,0.344,0.239,-0.118,0.156
347,360940429,22.94,-0.04662,0.78325,-0.57950,1.109,-2.766,0.391,0.754,-0.118,0.203
348,360950195,22.94,-0.04100,0.78212,-0.58175,0.734,-2.859,0.422,0.379,-0.212,0.234
349,360959960,22.91,-0.03600,0.78075,-0.58337,0.281,-2.891,0.328,-0.074,-0.243,0.140
350,360969726,22.91,-0.03213,0.78025,-0.58388,0.250,-2.781,0.313,-0.105,-0.134,0.124
351,360980468,22.93,-0.03300,0.78100,-0.58237,0.125,-2.672,0.172,-0.230,-0.024,-0.016
352,360990234,22.93,-0.03725,0.78200,-0.58088,-0.141,-2.656,0.109,-0.496,-0.009,-0.079
353,361000000,22.95,-0.04325,0.78275,-0.57962,-0.094,-2.531,0.047,-0.449,0.116,-0.141
354,361009765,22.95,-0.04900,0.78375,-0.57862,0.188,-2.453,0.063,-0.168,0.195,-0.126
355,361020507,22.91,-0.05337,0.78475,-0.57725,0.172,-2.453,0.031,-0.183,0.195,-0.157
356,361030273,22.91,-0.05563,0.78563,-0.57625,-0.094,-2.516,0.047,-0.449,0.132,-0.141
357,361040039,22.93,-0.05500,0.78700,-0.57588,0.234,-2.625,0.203,-0.121,0.023,0.015
358,361049804,22.93,-0.05137,0.78700,-0.57637,0.781,-2.734,0.297,0.426,-0.087,0.109
359,361060546,22.94,-0.04525,0.78525,-0.57700,0.547,-2.813,0.328,0.192,-0.165,0.140
360,361070312,22.94,-0.03850,0.78350,-0.57788,0.578,-2.797,0.375,0.223,-0.149,0.187
361,361080078,22.96,-0.03288,0.78238,-0.58062,1.141,-2.766,0.422,0.785,-0.118,0.234
362,361089843,22.96,-0.02900,0.78112,-0.58350,1.078,-2.750,0.344,0.723,-0.102,0.156
363,361100585,22.94,-0.02913,0.77987,-0.58488,0.438,-2.688,0.203,0.082,-0.040,0.015
364,361110351,22.91,-0.03288,0.77938,-0.58513,0.203,-2.625,0.125,-0.152,0.023,-0.063
365,361120117,22.91,-0.03837,0.77963,-0.58500,0.391,-2.469,0.047,0.035,0.179,-0.141
366,361129882,22.93,-0.04450,0.78038,-0.58400,0.156,-2.469,-4.484,-0.199,0.179,-4.672
367,361140625,22.93,-0.05087,0.78250,-0.58150,-0.641,-2.609,0.031,-0.996,0.038,-0.157
368,361150390,22.95,-0.05588,0.78525,-0.57750,-0.203,-2.625,0.141,-0.558,0.023,-0.047
369,361160156,22.95,-0.05713,0.78763,-0.57150,-0.031,-2.609,0.172,-0.386,0.038,-0.016
370,361169921,22.90,-0.05488,0.78963,-0.57088,0.000,-2.781,0.297,-0.355,-0.134,0.109
371,361180664,22.90,-0.04275,0.78950,-0.57088,0.500,-2.859,0.328,0.145,-0.212,0.140
372,361190429,22.98,-0.03712,0.78838,-0.57300,1.281,-2.781,0.391,0.926,-0.134,0.203
373,361200195,22.98,-0.03300,0.78563,-0.57700,1.297,-2.719,0.328,0.942,-0.071,0.140
374,361209960,22.94,-0.03188,0.78300,-0.58175,0.969,-2.734,0.281,0.614,-0.087,0.093
375,361219726,22.94,-0.03350,0.78038,-0.58475,1.203,-2.578,0.250,0.848,0.070,0.062
376,361230468,22.93,-0.03700,0.77775,-0.58713,1.078,-2.563,0.188,0.723,0.085,-0.001
377,361240234,22.93,-0.04113,0.77663,-0.58837,0.422,-2.563,0.125,0.067,0.085,-0.063
378,361250000,22.93,-0.04587,0.77775,-0.58713,-0.063,-2.563,0.047,-0.418,0.085,-0.141
379,361259765,22.93,-0.04950,0.78000,-0.58462,-0.297,-2.578,0.094,-0.652,0.070,-0.094
380,361270507,22.95,-0.05075,0.78212,-0.58113,-0.391,-2.625,0.109,-0.746,0.023,-0.079
381,361280273,22.95,-0.04925,0.78538,-0.57625,-0.625,-2.719,0.156,-0.980,-0.071,-0.032
382,361290039,22.93,-0.04688,0.78825,-0.57312,-0.594,-2.688,0.156,-0.949,-0.040,-0.032
383,361299804,22.93,-0.04425,0.78938,-0.57100,-0.094,-2.688,0.234,-0.449,-0.040,0.046
384,361310546,22.94,-0.04138,0.79025,-0.57000,0.297,-2.734,0.281,-0.058,-0.087,0.093
385,361320312,22.93,-0.04000,0.78987,-0.57137,0.672,-2.719,0.297,0.317,-0.071,0.109
386,361330078,22.93,-0.03988,0.78738,-0.57350,1.000,-2.656,0.328,0.645,-0.009,0.140
387,361339843,22.92,-0.04000,0.78512,-0.57675,1.125,-2.656,0.625,0.770,-0.009,0.437
388,361350585,22.92,-0.04250,0.78212,-0.58125,1.078,-2.656,0.375,0.723,-0.009,0.187
389,361360351,22.93,-0.04400,0.77925,-0.58700,0.672,-2.656,0.281,0.317,-0.009,0.093
390,361370117,22.93,-0.04412,0.77812,-0.58737,0.328,-2.609,0.188,-0.027,0.038,-0.001
391,361379882,22.94,-0.04500,0.77738,-0.58662,0.109,-2.719,0.266,-0.246,-0.071,0.078
392,361390625,22.94,-0.04213,0.78112,-0.58400,-0.125,-2.672,0.141,-0.480,-0.024,-0.047
393,361400390,22.91,-0.04138,0.78325,-0.58025,-0.578,-2.688,0.141,-0.933,-0.040,-0.047
394,361410156,22.91,-0.04113,0.78550,-0.57675,-0.672,-2.672,0.125,-1.027,-0.024,-0.063
395,361419921,22.96,-0.04113,0.78775,-0.57375,-0.141,-2.656,0.172,-0.496,-0.009,-0.016
396,361430664,22.96,-0.04138,0.78912,-0.57150,0.063,-2.656,0.156,-0.293,-0.009,-0.032
397,361440429,22.96,-0.04200,0.78975,-0.57063,0.125,-2.656,0.156,-0.230,-0.009,-0.032
398,361450195,22.96,-0.04400,0.78850,-0.57237,0.547,-2.594,0.234,0.192,0.054,0.046
399,361459960,22.95,-0.04662,0.78675,-0.57563,1.109,-2.656,0.297,0.754,-0.009,0.109
400,361469726,22.95,-0.04725,0.78425,-0.57837,1.250,-2.594,0.250,0.895,0.054,0.062
401,361480468,22.95,-0.04662,0.78125,-0.58137,0.859,-2.656,0.281,0.504,-0.009,0.093
402,361490234,22.95,-0.04537,0.77975,-0.58375,0.703,-2.656,0.250,0.348,-0.009,0.062
403,361500000,22.94,-0.04312,0.77863,-0.58550,0.938,-2.656,0.250,0.582,-0.009,0.062
404,361509765,22.94,-0.04025,0.77838,-0.58575,0.469,-2.641,0.188,0.114,0.007,-0.001
405,361520507,22.95,-0.03837,0.77975,-0.58488,-0.141,-2.656,0.141,-0.496,-0.009,-0.047
406,361530273,22.94,-0.03675,0.78150,-0.58262,-0.281,-2.641,0.047,-0.636,0.007,-0.141
407,361540039,22.94,-0.03687,0.78387,-0.57975,-0.203,-2.672,0.094,-0.558,-0.024,-0.094
408,361549804,22.93,-0.03862,0.78563,-0.57725,-0.234,-2.609,0.047,-0.590,0.038,-0.141
409,361560546,22.93,-0.04025,0.78675,-0.57350,-0.016,-2.656,0.094,-0.371,-0.009,-0.094
410,361570312,22.94,-0.04325,0.78800,-0.57325,0.406,-2.641,0.234,0.051,0.007,0.046
411,361580078,22.94,-0.04700,0.78838,-0.57425,0.578,-2.688,0.172,0.223,-0.040,-0.016
412,361589843,22.93,-0.04925,0.78538,-0.57612,0.734,-2.734,0.281,0.379,-0.087,0.093
413,361600585,22.93,-0.05000,0.78375,-0.57850,1.063,-2.688,0.328,0.707,-0.040,0.140
414,361610351,22.91,-0.04775,0.78163,-0.58113,1.031,-2.688,0.313,0.676,-0.040,0.124
415,361620117,22.91,-0.04412,0.78012,-0.58313,0.766,-2.672,0.313,0.410,-0.024,0.124
416,361629882,22.96,-0.04063,0.77963,-0.58462,0.594,-2.688,0.297,0.239,-0.040,0.109
417,361640625,22.96,-0.03762,0.77987,-0.58513,0.531,-2.672,0.172,0.176,-0.024,-0.016
418,361650390,22.96,-0.03587,0.78025,-0.58362,0.250,-2.656,0.141,-0.105,-0.009,-0.047
419,361661132,22.96,-0.03575,0.78175,-0.58188,-0.125,-2.641,0.156,-0.480,0.007,-0.032
420,361669921,22.96,-0.03662,0.78350,-0.57962,-0.188,-2.594,0.109,-0.543,0.054,-0.079
421,361680664,22.96,-0.03913,0.78525,-0.57663,-0.125,-2.594,0.109,-0.480,0.054,-0.079
422,361690429,22.94,-0.04325,0.78663,-0.57512,-0.141,-2.625,0.047,-0.496,0.023,-0.141
423,361700195,22.94,-0.04650,0.78738,-0.57400,-0.016,-2.641,0.125,-0.371,0.007,-0.063
424,361709960,22.93,-0.04863,0.78787,-0.57312,0.281,-2.656,0.188,-0.074,-0.009,-0.001
425,361719726,22.93,-0.05013,0.78712,-0.57425,0.563,-2.688,0.188,0.207,-0.040,-0.001
426,361730468,22.95,-0.04975,0.78625,-0.57637,0.781,-2.672,0.266,0.426,-0.024,0.078
427,361740234,22.93,-0.04813,0.78487,-0.57825,0.859,-2.641,0.266,0.504,0.007,0.078
428,361750000,22.93,-0.04550,0.78250,-0.58025,0.906,-2.672,0.172,0.551,-0.024,-0.016
429,361760742,22.94,-0.04213,0.78138,-0.58200,0.641,-2.641,0.188,0.285,0.007,-0.001
430,361770507,22.94,-0.03862,0.78063,-0.58350,0.453,-2.625,0.172,0.098,0.023,-0.016
431,361780273,22.95,-0.03700,0.78112,-0.58350,0.156,-2.641,0.141,-0.199,0.007,-0.047
432,361790039,22.95,-0.03662,0.78212,-0.58250,-0.031,-2.578,0.063,-0.386,0.070,-0.126
433,361799804,22.90,-0.03725,0.78350,-0.57975,-0.141,-2.625,0.094,-0.496,0.023,-0.094
434,361810546,22.90,-0.04138,0.78538,-0.57775,-0.172,-2.656,0.109,-0.527,-0.009,-0.079
435,361820312,22.94,-0.04375,0.78638,-0.57612,-0.094,-2.672,0.141,-0.449,-0.024,-0.047
436,361830078,22.94,-0.04637,0.78700,-0.57475,0.047,-2.688,0.156,-0.308,-0.040,-0.032
437,361839843,22.96,-0.04800,0.78700,-0.57437,0.297,-2.656,0.156,-0.058,-0.009,-0.032
438,361850585,22.96,-0.04813,0.78625,-0.57525,0.578,-2.641,0.188,0.223,0.007,-0.001
439,361860351,22.93,-0.04738,0.78538,-0.57663,0.719,-2.641,0.234,0.364,0.007,0.046
440,361870117,22.93,-0.04637,0.78463,-0.57850,0.766,-2.625,0.234,0.410,0.023,0.046
441,361879882,22.95,-0.04462,0.78338,-0.58062,0.813,-2.656,0.297,0.457,-0.009,0.109
442,361890625,22.95,-0.04263,0.78175,-0.58213,0.750,-2.625,0.234,0.395,0.023,0.046
443,361900390,22.94,-0.04063,0.78075,-0.58288,0.641,-2.594,0.203,0.285,0.054,0.015
444,361910156,22.94,-0.03925,0.78063,-0.58313,0.438,-2.594,0.188,0.082,0.054,-0.001
445,361919921,22.93,-0.03887,0.78087,-0.58262,0.250,-2.609,0.234,-0.105,0.038,0.046
446,361930664,22.91,-0.03850,0.78238,-0.58162,0.016,-2.688,0.141,-0.340,-0.040,-0.047
447,361940429,22.91,-0.03887,0.78425,-0.58000,-0.156,-2.672,0.172,-0.511,-0.024,-0.016
448,361950195,22.98,-0.04138,0.78550,-0.57825,-0.031,-2.625,0.141,-0.386,0.023,-0.047
449,361959960,22.98,-0.04362,0.78663,-0.57625,-0.016,-2.656,0.125,-0.371,-0.009,-0.063
450,361969726,22.91,-0.04537,0.78663,-0.57488,0.016,-2.672,0.156,-0.340,-0.024,-0.032
451,361980468,22.91,-0.04688,0.78600,-0.57563,0.578,-2.656,0.203,0.223,-0.009,0.015
452,361990234,22.96,-0.04725,0.78550,-0.57688,0.828,-2.641,0.188,0.473,0.007,-0.001
453,362000000,22.96,-0.04600,0.78363,-0.57837,0.766,-2.641,0.203,0.410,0.007,0.015
454,362009765,22.93,-0.04475,0.78200,-0.58037,0.719,-2.656,0.297,0.364,-0.009,0.109
455,362020507,22.93,-0.04325,0.78100,-0.58188,0.766,-2.656,0.281,0.410,-0.009,0.093
456,362030273,22.95,-0.04138,0.78125,-0.58262,0.578,-2.641,0.250,0.223,0.007,0.062
457,362040039,22.95,-0.03950,0.78187,-0.58288,0.328,-2.688,0.188,-0.027,-0.040,-0.001
458,362050781,22.95,-0.03862,0.78175,-0.58200,0.109,-2.656,0.234,-0.246,-0.009,0.046
459,362060546,22.95,-0.03900,0.78300,-0.58037,-0.016,-2.672,0.172,-0.371,-0.024,-0.016
460,362070312,22.92,-0.03938,0.78450,-0.57913,0.063,-2.688,0.141,-0.293,-0.040,-0.047
461,362080078,22.92,-0.04025,0.78512,-0.57737,-0.172,-2.641,0.156,-0.527,0.007,-0.032
462,362089843,22.95,-0.04300,0.78575,-0.57600,-0.094,-2.672,0.141,-0.449,-0.024,-0.047
463,362101562,22.95,-0.04512,0.78625,-0.57563,0.297,-2.656,0.188,-0.058,-0.009,-0.001
464,362110351,22.89,-0.04675,0.78650,-0.57600,0.406,-2.594,0.203,0.051,0.054,0.015
465,362120117,22.89,-0.04813,0.78563,-0.57650,0.563,-2.578,0.156,0.207,0.070,-0.032
466,362129882,22.94,-0.04775,0.78487,-0.57712,0.703,-2.609,0.188,0.348,0.038,-0.001
467,362140625,22.91,-0.04600,0.78412,-0.57875,0.766,-2.641,0.266,0.410,0.007,0.078
468,362150390,22.91,-0.04425,0.78300,-0.58088,0.766,-2.688,0.266,0.410,-0.040,0.078
469,362160156,22.86,-0.04213,0.78263,-0.58213,0.547,-2.641,0.203,0.192,0.007,0.015
470,362169921,22.86,-0.03988,0.78275,-0.58262,0.438,-2.625,0.188,0.082,0.023,-0.001
471,362180664,22.91,-0.03875,0.78300,-0.58113,0.109,-2.672,0.234,-0.246,-0.024,0.046
472,362190429,22.91,-0.03837,0.78400,-0.58037,0.031,-2.625,0.188,-0.324,0.023,-0.001
473,362200195,22.93,-0.04113,0.78463,-0.57900,-0.031,-2.609,0.094,-0.386,0.038,-0.094
474,362209960,22.93,-0.04312,0.78487,-0.57763,-0.031,-2.641,0.109,-0.386,0.007,-0.079
475,362219726,22.96,-0.04450,0.78550,-0.57637,0.156,-2.625,0.156,-0.199,0.023,-0.032
476,362230468,22.96,-0.04612,0.78625,-0.57600,0.203,-2.656,0.188,-0.152,-0.009,-0.001
477,362240234,22.92,-0.04688,0.78575,-0.57650,0.422,-2.641,0.203,0.067,0.007,0.015
478,362250000,22.92,-0.04612,0.78500,-0.57700,0.531,-2.641,0.188,0.176,0.007,-0.001
479,362259765,22.93,-0.04525,0.78463,-0.57800,0.641,-2.641,0.156,0.285,0.007,-0.032
480,362270507,22.93,-0.04375,0.78438,-0.57975,0.719,-2.594,0.203,0.364,0.054,0.015
481,362280273,22.94,-0.04225,0.78350,-0.58075,0.578,-2.656,0.203,0.223,-0.009,0.015
482,362290039,22.94,-0.04050,0.78225,-0.58100,0.531,-2.656,0.266,0.176,-0.009,0.078
483,362299804,22.91,-0.03900,0.78212,-0.58088,0.547,-2.656,0.266,0.192,-0.009,0.078
484,362310546,22.91,-0.03938,0.78275,-0.58125,0.328,-2.641,0.172,-0.027,0.007,-0.016
485,362320312,22.92,-0.04075,0.78250,-0.58125,0.109,-2.641,0.141,-0.246,0.007,-0.047
486,362330078,22.92,-0.04213,0.78300,-0.58000,0.000,-2.641,0.172,-0.355,0.007,-0.016
487,362339843,22.93,-0.04325,0.78412,-0.57837,0.063,-2.625,0.141,-0.293,0.023,-0.047
488,362350585,22.91,-0.04500,0.78475,-0.57700,0.109,-2.641,0.156,-0.246,0.007,-0.032
489,362360351,22.91,-0.04637,0.78538,-0.57625,0.031,-2.641,0.203,-0.324,0.007,0.015
490,362370117,22.93,-0.04612,0.78538,-0.57675,0.438,-2.609,0.141,0.082,0.038,-0.047
491,362379882,22.93,-0.04500,0.78538,-0.57700,0.484,-2.672,0.281,0.129,-0.024,0.093
492,362390625,22.94,-0.04387,0.78475,-0.57813,0.578,-2.641,0.250,0.223,0.007,0.062
493,362400390,22.94,-0.04088,0.78363,-0.57950,0.609,-2.641,0.203,0.254,0.007,0.015
494,362410156,22.93,-0.04038,0.78275,-0.57988,0.688,-2.625,0.156,0.332,0.023,-0.032
495,362419921,22.93,-0.04038,0.78250,-0.58088,0.500,-2.594,0.172,0.145,0.054,-0.016
496,362430664,22.94,-0.04100,0.78275,-0.58150,0.406,-2.609,0.141,0.051,0.038,-0.047
497,362441406,22.94,-0.04250,0.78225,-0.58125,0.266,-2.656,0.172,-0.090,-0.009,-0.016
498,362450195,22.94,-0.04375,0.78212,-0.58037,0.188,-2.672,0.203,-0.168,-0.024,0.015
499,362459960,22.94,-0.04450,0.78312,-0.57950,0.094,-2.594,0.203,-0.261,0.054,0.015
500,362469726,22.93,-0.04575,0.78450,-0.57800,0.063,-2.625,0.172,-0.293,0.023,-0.016
501,362480468,22.93,-0.04562,0.78550,-0.57700,0.125,-2.641,0.156,-0.230,0.007,-0.032
502,362491210,22.98,-0.04437,0.78563,-0.57612,0.172,-2.672,0.188,-0.183,-0.024,-0.001
503,362500000,22.98,-0.04400,0.78600,-0.57550,0.328,-2.688,0.172,-0.027,-0.040,-0.016
504,362509765,22.96,-0.04312,0.78575,-0.57650,0.453,-2.656,0.188,0.098,-0.009,-0.001
505,362520507,22.96,-0.04163,0.78500,-0.57800,0.625,-2.641,0.250,0.270,0.007,0.062
506,362530273,22.93,-0.04100,0.78463,-0.57888,0.609,-2.641,0.234,0.254,0.007,0.046
507,362541015,22.93,-0.04075,0.78312,-0.57962,0.594,-2.688,0.188,0.239,-0.040,-0.001
508,362549804,22.93,-0.04088,0.78250,-0.58113,0.609,-2.609,0.172,0.254,0.038,-0.016
509,362560546,22.96,-0.04238,0.78275,-0.58188,0.547,-2.625,0.125,0.192,0.023,-0.063
510,362570312,22.96,-0.04350,0.78200,-0.58125,0.188,-2.656,0.234,-0.168,-0.009,0.046
511,362580078,22.93,-0.04387,0.78312,-0.58088,0.297,-2.594,0.156,-0.058,0.054,-0.032
512,362589843,22.93,-0.04450,0.78375,-0.57962,0.016,-2.641,0.172,-0.340,0.007,-0.016
513,362600585,22.93,-0.04450,0.78450,-0.57837,0.000,-2.719,0.156,-0.355,-0.071,-0.032
514,362610351,22.93,-0.04462,0.78525,-0.57725,0.281,-2.656,0.156,-0.074,-0.009,-0.032
515,362620117,22.95,-0.04387,0.78563,-0.57637,0.234,-2.641,0.141,-0.121,0.007,-0.047
516,362629882,22.95,-0.04250,0.78600,-0.57637,0.313,-2.656,0.234,-0.043,-0.009,0.046
517,362640625,22.94,-0.04150,0.78587,-0.57688,0.531,-2.672,0.172,0.176,-0.024,-0.016
518,362650390,22.94,-0.04075,0.78512,-0.57737,0.625,-2.625,0.141,0.270,0.023,-0.047
519,362660156,22.96,-0.04100,0.78400,-0.57788,0.594,-2.609,0.172,0.239,0.038,-0.016
520,362669921,22.96,-0.04163,0.78338,-0.57962,0.500,-2.625,0.188,0.145,0.023,-0.001
521,362680664,22.94,-0.04263,0.78275,-0.58100,0.641,-2.625,0.234,0.285,0.023,0.046
522,362690429,22.94,-0.04337,0.78212,-0.58113,0.422,-2.656,0.188,0.067,-0.009,-0.001
523,362700195,22.92,-0.04325,0.78212,-0.58137,0.344,-2.656,0.188,-0.011,-0.009,-0.001
524,362709960,22.92,-0.04362,0.78225,-0.58025,0.094,-2.641,0.172,-0.261,0.007,-0.016
525,362719726,22.96,-0.04387,0.78375,-0.57925,-0.016,-2.641,0.188,-0.371,0.007,-0.001
526,362730468,22.96,-0.04425,0.78438,-0.57862,0.422,-2.609,0.188,0.067,0.038,-0.001
527,362740234,22.94,-0.04450,0.78438,-0.57737,0.094,-2.641,0.125,-0.261,0.007,-0.063
528,362750000,22.94,-0.04425,0.78538,-0.57637,-0.125,-2.672,0.156,-0.480,-0.024,-0.032
529,362759765,22.94,-0.04337,0.78538,-0.57588,0.547,-2.625,0.203,0.192,0.023,0.015
530,362770507,22.93,-0.04275,0.78487,-0.57663,0.344,-2.641,0.141,-0.011,0.007,-0.047
531,362780273,22.93,-0.04275,0.78475,-0.57800,0.594,-2.625,0.203,0.239,0.023,0.015
532,362790039,22.90,-0.04225,0.78438,-0.57950,0.781,-2.641,0.234,0.426,0.007,0.046
533,362799804,22.90,-0.04150,0.78425,-0.58013,0.609,-2.656,0.188,0.254,-0.009,-0.001
534,362810546,22.92,-0.04163,0.78275,-0.58062,0.250,-2.672,0.203,-0.105,-0.024,0.015
535,362820312,22.92,-0.04238,0.78300,-0.58113,0.484,-2.594,0.250,0.129,0.054,0.062
536,362831054,22.96,-0.04263,0.78275,-0.58088,0.531,-2.641,0.203,0.176,0.007,0.015
537,362839843,22.96,-0.04325,0.78312,-0.58013,0.016,-2.688,0.188,-0.340,-0.040,-0.001
538,362850585,22.94,-0.04400,0.78400,-0.57888,0.109,-2.656,0.109,-0.246,-0.009,-0.079
539,362860351,22.94,-0.04412,0.78512,-0.57813,0.297,-2.578,0.156,-0.058,0.070,-0.032
540,362870117,22.95,-0.04425,0.78550,-0.57763,0.188,-2.563,0.141,-0.168,0.085,-0.047
541,362879882,22.95,-0.04425,0.78538,-0.57712,0.203,-2.672,0.172,-0.152,-0.024,-0.016
542,362890625,22.95,-0.04387,0.78538,-0.57712,0.297,-2.688,0.172,-0.058,-0.040,-0.016
543,362900390,22.95,-0.04300,0.78575,-0.57725,0.438,-2.641,0.188,0.082,0.007,-0.001
544,362910156,22.94,-0.04188,0.78512,-0.57737,0.484,-2.656,0.203,0.129,-0.009,0.015
545,362919921,22.94,-0.04150,0.78500,-0.57850,0.469,-2.688,0.266,0.114,-0.040,0.078
546,362930664,22.92,-0.04138,0.78463,-0.57950,0.641,-2.625,0.188,0.285,0.023,-0.001
547,362940429,22.92,-0.04138,0.78387,-0.58025,0.500,-2.672,0.188,0.145,-0.024,-0.001
548,362950195,22.92,-0.04238,0.78287,-0.58100,0.422,-2.656,0.250,0.067,-0.009,0.062
549,362959960,22.91,-0.04288,0.78225,-0.58100,0.484,-2.641,0.172,0.129,0.007,-0.016
550,362969726,22.91,-0.04325,0.78300,-0.58088,0.297,-2.641,0.172,-0.058,0.007,-0.016
551,362980468,22.91,-0.04400,0.78287,-0.58062,0.109,-2.578,0.109,-0.246,0.070,-0.079
552,362990234,22.91,-0.04462,0.78363,-0.57813,0.172,-2.641,0.109,-0.183,0.007,-0.079
553,363000000,22.89,-0.04437,0.78512,-0.57712,0.266,-2.594,0.188,-0.090,0.054,-0.001
554,363009765,22.89,-0.04412,0.78512,-0.57663,0.188,-2.625,0.156,-0.168,0.023,-0.032
555,363020507,22.94,-0.04300,0.78563,-0.57675,0.281,-2.672,0.203,-0.074,-0.024,0.015
556,363030273,22.94,-0.04200,0.78587,-0.57700,0.547,-2.672,0.203,0.192,-0.024,0.015
557,363040039,22.94,-0.04188,0.78538,-0.57737,0.578,-2.688,0.234,0.223,-0.040,0.046
558,363049804,22.94,-0.04113,0.78425,-0.57813,0.484,-2.656,0.234,0.129,-0.009,0.046
559,363060546,22.90,-0.04088,0.78363,-0.57913,0.500,-2.672,0.203,0.145,-0.024,0.015
560,363070312,22.90,-0.04238,0.78325,-0.57975,0.672,-2.641,0.188,0.317,0.007,-0.001
561,363080078,22.96,-0.04337,0.78238,-0.58037,0.531,-2.656,0.172,0.176,-0.009,-0.016
562,363089843,22.96,-0.04350,0.78212,-0.58100,0.344,-2.656,0.156,-0.011,-0.009,-0.032
563,363100585,22.95,-0.04387,0.78238,-0.58025,0.266,-2.625,0.172,-0.090,0.023,-0.016
564,363110351,22.95,-0.04387,0.78312,-0.57975,0.250,-2.641,0.156,-0.105,0.007,-0.032
565,363120117,22.93,-0.04362,0.78412,-0.57913,0.125,-2.625,0.172,-0.230,0.023,-0.016
566,363129882,22.93,-0.04362,0.78487,-0.57800,0.125,-2.641,0.141,-0.230,0.007,-0.047
567,363140625,22.95,-0.04325,0.78575,-0.57737,0.203,-2.688,0.125,-0.152,-0.040,-0.063
568,363150390,22.90,-0.04300,0.78563,-0.57688,0.313,-2.688,0.156,-0.043,-0.040,-0.032
569,363160156,22.90,-0.04312,0.78575,-0.57663,0.313,-2.672,0.203,-0.043,-0.024,0.015
570,363169921,22.88,-0.04288,0.78575,-0.57700,0.422,-2.672,0.250,0.067,-0.024,0.062
571,363180664,22.88,-0.04288,0.78487,-0.57775,0.531,-2.672,0.281,0.176,-0.024,0.093
572,363190429,22.93,-0.04288,0.78438,-0.57988,0.578,-2.656,0.203,0.223,-0.009,0.015
573,363200195,22.93,-0.04312,0.78375,-0.57988,0.609,-2.625,0.141,0.254,0.023,-0.047
574,363209960,22.93,-0.04275,0.78250,-0.58013,0.406,-2.656,0.234,0.051,-0.009,0.046
575,363219726,22.93,-0.04263,0.78275,-0.58062,0.406,-2.625,0.156,0.051,0.023,-0.032
576,363230468,22.98,-0.04263,0.78287,-0.58050,0.281,-2.609,0.172,-0.074,0.038,-0.016
577,363240234,22.98,-0.04225,0.78325,-0.57988,0.234,-2.625,0.156,-0.121,0.023,-0.032
578,363250000,22.96,-0.04250,0.78375,-0.57888,0.063,-2.672,0.156,-0.293,-0.024,-0.032
579,363259765,22.96,-0.04300,0.78512,-0.57750,0.141,-2.656,0.109,-0.215,-0.009,-0.079
580,363271484,22.95,-0.04300,0.78550,-0.57700,0.297,-2.656,0.141,-0.058,-0.009,-0.047
581,363280273,22.95,-0.04325,0.78550,-0.57675,0.047,-2.672,0.188,-0.308,-0.024,-0.001
582,363290039,22.93,-0.04425,0.78600,-0.57663,0.391,-2.625,0.188,0.035,0.023,-0.001
583,363299804,22.93,-0.04437,0.78525,-0.57688,0.719,-2.625,0.188,0.364,0.023,-0.001
584,363310546,22.95,-0.04450,0.78500,-0.57737,0.391,-2.672,0.250,0.035,-0.024,0.062
585,363321289,22.95,-0.04437,0.78475,-0.57837,0.594,-2.641,0.313,0.239,0.007,0.124
586,363330078,22.94,-0.04362,0.78312,-0.57925,0.625,-2.656,0.281,0.270,-0.009,0.093
587,363339843,22.94,-0.04238,0.78300,-0.58050,0.422,-2.688,0.250,0.067,-0.040,0.062
588,363350585,22.94,-0.04125,0.78312,-0.58137,0.484,-2.656,0.172,0.129,-0.009,-0.016
589,363360351,22.90,-0.04125,0.78250,-0.58113,0.297,-2.641,0.203,-0.058,0.007,0.015
590,363370117,22.90,-0.04150,0.78263,-0.58075,0.156,-2.672,0.203,-0.199,-0.024,0.015
591,363379882,22.92,-0.04150,0.78338,-0.57975,0.203,-2.641,0.172,-0.152,0.007,-0.016
592,363390625,22.92,-0.04213,0.78412,-0.57788,0.141,-2.625,0.125,-0.215,0.023,-0.063
593,363400390,22.93,-0.04275,0.78463,-0.57750,0.125,-2.641,0.172,-0.230,0.007,-0.016
594,363410156,22.93,-0.04312,0.78550,-0.57725,0.266,-2.656,0.188,-0.090,-0.009,-0.001
595,363419921,22.92,-0.04425,0.78563,-0.57675,0.484,-2.656,0.172,0.129,-0.009,-0.016
596,363430664,22.92,-0.04550,0.78538,-0.57712,0.391,-2.609,0.234,0.035,0.038,0.046
597,363440429,22.93,-0.04487,0.78475,-0.57813,0.500,-2.656,0.250,0.145,-0.009,0.062
598,363450195,22.93,-0.04337,0.78425,-0.57875,0.641,-2.672,0.266,0.285,-0.024,0.078
599,363459960,22.90,-0.04263,0.78350,-0.57913,0.469,-2.641,0.250,0.114,0.007,0.062
600,363469726,22.90,-0.04163,0.78287,-0.58000,0.500,-2.656,0.172,0.145,-0.009,-0.016
601,363480468,22.93,-0.04113,0.78312,-0.58037,0.422,-2.641,0.141,0.067,0.007,-0.047
602,363490234,22.93,-0.04100,0.78287,-0.58000,0.375,-2.656,0.141,0.020,-0.009,-0.047
603,363500000,22.97,-0.04138,0.78275,-0.57937,0.328,-2.625,0.172,-0.027,0.023,-0.016
604,363509765,22.97,-0.04200,0.78350,-0.57862,0.172,-2.641,0.094,-0.183,0.007,-0.094
605,363520507,22.91,-0.04225,0.78438,-0.57788,0.188,-2.625,0.125,-0.168,0.023,-0.063
606,363530273,22.91,-0.04337,0.78475,-0.57712,0.188,-2.594,0.156,-0.168,0.054,-0.032
607,363540039,22.93,-0.04475,0.78500,-0.57688,0.172,-2.641,0.172,-0.183,0.007,-0.016
608,363549804,22.93,-0.04512,0.78563,-0.57688,0.297,-2.625,0.141,-0.058,0.023,-0.047
609,363561523,22.91,-0.04487,0.78587,-0.57675,0.344,-2.672,0.188,-0.011,-0.024,-0.001
610,363570312,22.89,-0.04525,0.78538,-0.57675,0.469,-2.625,0.281,0.114,0.023,0.093
611,363580078,22.89,-0.04450,0.78475,-0.57775,0.500,-2.656,0.188,0.145,-0.009,-0.001
612,363589843,22.88,-0.04325,0.78400,-0.57937,0.531,-2.672,0.172,0.176,-0.024,-0.016
613,363600585,22.88,-0.04288,0.78350,-0.58075,0.484,-2.641,0.203,0.129,0.007,0.015
614,363610351,22.91,-0.04138,0.78300,-0.58100,0.422,-2.641,0.156,0.067,0.007,-0.032
615,363620117,22.91,-0.04050,0.78300,-0.57988,0.328,-2.656,0.188,-0.027,-0.009,-0.001
616,363629882,22.91,-0.04125,0.78387,-0.57950,0.281,-2.641,0.203,-0.074,0.007,0.015
617,363640625,22.91,-0.04188,0.78400,-0.57937,0.234,-2.609,0.156,-0.121,0.038,-0.032
618,363650390,22.95,-0.04300,0.78463,-0.57862,0.125,-2.609,0.141,-0.230,0.038,-0.047
619,363661132,22.95,-0.04412,0.78512,-0.57725,0.141,-2.656,0.156,-0.215,-0.009,-0.032
620,363669921,22.92,-0.04450,0.78500,-0.57700,0.188,-2.641,0.141,-0.168,0.007,-0.047
621,363680664,22.92,-0.04500,0.78525,-0.57712,0.297,-2.641,0.125,-0.058,0.007,-0.063
622,363690429,22.93,-0.04550,0.78487,-0.57700,0.406,-2.609,0.188,0.051,0.038,-0.001
623,363700195,22.93,-0.04462,0.78450,-0.57750,0.469,-2.609,0.203,0.114,0.038,0.015
624,363709960,22.92,-0.04325,0.78438,-0.57813,0.500,-2.641,0.266,0.145,0.007,0.078
625,363719726,22.92,-0.04288,0.78425,-0.57862,0.563,-2.719,0.250,0.207,-0.071,0.062
626,363730468,22.92,-0.04238,0.78387,-0.57900,0.500,-2.625,0.234,0.145,0.023,0.046
627,363740234,22.92,-0.04163,0.78300,-0.57950,0.500,-2.656,0.188,0.145,-0.009,-0.001
628,363750000,22.90,-0.04125,0.78263,-0.57988,0.406,-2.625,0.188,0.051,0.023,-0.001
629,363759765,22.90,-0.04188,0.78275,-0.57950,0.344,-2.641,0.156,-0.011,0.007,-0.032
630,363770507,22.91,-0.04188,0.78338,-0.57950,0.328,-2.641,0.141,-0.027,0.007,-0.047
631,363780273,22.89,-0.04188,0.78425,-0.57900,0.203,-2.625,0.109,-0.152,0.023,-0.079
632,363790039,22.89,-0.04325,0.78475,-0.57837,0.203,-2.625,0.156,-0.152,0.023,-0.032
633,363799804,22.92,-0.04375,0.78500,-0.57775,0.203,-2.672,0.172,-0.152,-0.024,-0.016
634,363810546,22.92,-0.04412,0.78563,-0.57725,0.297,-2.656,0.156,-0.058,-0.009,-0.032
635,363820312,22.90,-0.04450,0.78538,-0.57712,0.438,-2.656,0.172,0.082,-0.009,-0.016
636,363830078,22.90,-0.04400,0.78450,-0.57737,0.547,-2.656,0.172,0.192,-0.009,-0.016
637,363839843,22.93,-0.04362,0.78387,-0.57813,0.531,-2.609,0.172,0.176,0.038,-0.016
638,363850585,22.93,-0.04312,0.78400,-0.57850,0.531,-2.656,0.172,0.176,-0.009,-0.016
639,363860351,22.92,-0.04275,0.78375,-0.57913,0.500,-2.625,0.250,0.145,0.023,0.062
640,363870117,22.92,-0.04213,0.78363,-0.58050,0.703,-2.656,0.250,0.348,-0.009,0.062
641,363879882,22.92,-0.04113,0.78263,-0.58075,0.422,-2.625,0.109,0.067,0.023,-0.079
642,363890625,22.92,-0.04100,0.78287,-0.57925,-0.297,-2.734,0.172,-0.652,-0.087,-0.016
643,363900390,22.93,-0.04200,0.78438,-0.57925,0.484,-2.656,0.203,0.129,-0.009,0.015
644,363910156,22.93,-0.04275,0.78425,-0.57913,0.625,-2.578,0.234,0.270,0.070,0.046
645,363919921,22.91,-0.04300,0.78450,-0.57775,-0.297,-2.672,0.109,-0.652,-0.024,-0.079
646,363930664,22.91,-0.04350,0.78512,-0.57650,0.234,-2.609,0.141,-0.121,0.038,-0.047
647,363940429,22.92,-0.04487,0.78487,-0.57650,0.563,-2.656,0.156,0.207,-0.009,-0.032
648,363950195,22.92,-0.04562,0.78463,-0.57737,0.422,-2.625,0.156,0.067,0.023,-0.032
649,363959960,22.88,-0.04512,0.78412,-0.57712,0.125,-2.609,0.141,-0.230,0.038,-0.047
650,363969726,22.96,-0.04450,0.78438,-0.57725,0.406,-2.672,0.313,0.051,-0.024,0.124
651,363980468,22.96,-0.04337,0.78425,-0.57825,0.938,-2.766,0.188,0.582,-0.118,-0.001
652,363990234,22.92,-0.04213,0.78338,-0.57937,0.234,-2.672,0.172,-0.121,-0.024,-0.016
653,364000000,22.92,-0.04163,0.78363,-0.58000,0.750,-2.594,0.234,0.395,0.054,0.046
654,364009765,22.91,-0.04100,0.78350,-0.58013,0.203,-2.672,0.234,-0.152,-0.024,0.046
655,364020507,22.91,-0.04113,0.78375,-0.57988,0.094,-2.734,0.188,-0.261,-0.087,-0.001
656,364030273,22.89,-0.04200,0.78350,-0.57913,0.328,-2.641,0.156,-0.027,0.007,-0.032
657,364040039,22.89,-0.04288,0.78375,-0.57862,0.297,-2.594,0.188,-0.058,0.054,-0.001
658,364049804,22.99,-0.04400,0.78463,-0.57788,0.125,-2.594,0.141,-0.230,0.054,-0.047
659,364060546,22.99,-0.04512,0.78525,-0.57763,0.156,-2.609,0.094,-0.199,0.038,-0.094
660,364070312,22.89,-0.04512,0.78438,-0.57737,0.563,-2.531,0.063,0.207,0.116,-0.126
661,364080078,22.89,-0.04462,0.78412,-0.57688,0.313,-2.625,0.188,-0.043,0.023,-0.001
662,364089843,22.93,-0.04412,0.78550,-0.57700,0.344,-2.688,0.234,-0.011,-0.040,0.046
663,364100585,22.93,-0.04325,0.78550,-0.57775,0.703,-2.656,0.188,0.348,-0.009,-0.001
664,364110351,22.95,-0.04263,0.78463,-0.57850,0.469,-2.688,0.234,0.114,-0.040,0.046
665,364120117,22.95,-0.04213,0.78425,-0.57862,0.391,-2.672,0.203,0.035,-0.024,0.015
666,364129882,22.90,-0.04213,0.78338,-0.57988,0.578,-2.625,0.234,0.223,0.023,0.046
667,364140625,22.90,-0.04188,0.78263,-0.58075,0.438,-2.656,0.203,0.082,-0.009,0.015
668,364150390,22.89,-0.04188,0.78300,-0.58025,0.250,-2.656,0.203,-0.105,-0.009,0.015
669,364160156,22.89,-0.04288,0.78338,-0.58000,0.234,-2.656,0.172,-0.121,-0.009,-0.016
670,364169921,22.93,-0.04350,0.78387,-0.57962,0.313,-2.656,0.188,-0.043,-0.009,-0.001
671,364180664,22.93,-0.04375,0.78387,-0.57888,0.313,-2.641,0.141,-0.043,0.007,-0.047
672,364190429,22.93,-0.04325,0.78412,-0.57837,0.172,-2.625,0.188,-0.183,0.023,-0.001
673,364200195,22.91,-0.04300,0.78475,-0.57800,0.328,-2.656,0.172,-0.027,-0.009,-0.016
674,364209960,22.91,-0.04325,0.78487,-0.57813,0.438,-2.656,0.234,0.082,-0.009,0.046
675,364219726,22.90,-0.04337,0.78550,-0.57688,0.391,-2.641,0.203,0.035,0.007,0.015
676,364230468,22.90,-0.04325,0.78463,-0.57750,0.406,-2.672,0.188,0.051,-0.024,-0.001
677,364240234,22.93,-0.04312,0.78400,-0.57900,0.547,-2.672,0.250,0.192,-0.024,0.062
678,364250000,22.93,-0.04275,0.78350,-0.58000,0.563,-2.656,0.266,0.207,-0.009,0.078
679,364259765,22.96,-0.04250,0.78363,-0.58025,0.422,-2.625,0.203,0.067,0.023,0.015
680,364270507,22.96,-0.04213,0.78287,-0.57950,0.313,-2.719,0.172,-0.043,-0.071,-0.016
681,364280273,22.93,-0.04263,0.78275,-0.57925,0.453,-2.688,0.156,0.098,-0.040,-0.032
682,364290039,22.93,-0.04250,0.78350,-0.57913,0.406,-2.688,0.188,0.051,-0.040,-0.001
683,364299804,22.93,-0.04225,0.78375,-0.57875,0.141,-2.641,0.188,-0.215,0.007,-0.001
684,364310546,22.93,-0.04288,0.78463,-0.57837,0.156,-2.672,0.266,-0.199,-0.024,0.078
685,364320312,22.94,-0.04312,0.78525,-0.57763,0.313,-2.656,0.172,-0.043,-0.009,-0.016
686,364330078,22.94,-0.04300,0.78487,-0.57737,0.313,-2.656,0.172,-0.043,-0.009,-0.016
687,364340820,22.93,-0.04325,0.78538,-0.57700,0.266,-2.672,0.109,-0.090,-0.024,-0.079
688,364350585,22.93,-0.04337,0.78500,-0.57688,0.391,-2.688,0.156,0.035,-0.040,-0.032
689,364360351,22.86,-0.04312,0.78438,-0.57775,0.563,-2.594,0.125,0.207,0.054,-0.063
690,364370117,22.93,-0.04375,0.78450,-0.57888,0.422,-2.656,0.203,0.067,-0.009,0.015
691,364379882,22.93,-0.04425,0.78412,-0.57888,0.469,-2.625,0.156,0.114,0.023,-0.032
692,364391601,22.89,-0.04375,0.78387,-0.57850,0.422,-2.641,0.156,0.067,0.007,-0.032
693,364400390,22.89,-0.04325,0.78325,-0.57900,0.391,-2.609,0.141,0.035,0.038,-0.047
694,364410156,22.90,-0.04275,0.78363,-0.57950,0.391,-2.641,0.125,0.035,0.007,-0.063
695,364419921,22.90,-0.04288,0.78412,-0.57937,0.281,-2.688,0.203,-0.074,-0.040,0.015
696,364430664,22.93,-0.04200,0.78375,-0.57850,0.203,-2.625,0.141,-0.152,0.023,-0.047
697,364441406,22.93,-0.04213,0.78400,-0.57800,0.266,-2.594,0.203,-0.090,0.054,0.015
698,364450195,22.94,-0.04312,0.78463,-0.57837,0.328,-2.609,0.125,-0.027,0.038,-0.063
699,364459960,22.94,-0.04350,0.78538,-0.57800,0.406,-2.578,0.125,0.051,0.070,-0.063
700,364469726,22.96,-0.04300,0.78525,-0.57725,0.313,-2.594,0.172,-0.043,0.054,-0.016
701,364480468,22.96,-0.04312,0.78512,-0.57737,0.328,-2.641,0.172,-0.027,0.007,-0.016
702,364490234,22.93,-0.04362,0.78475,-0.57763,0.406,-2.641,0.234,0.051,0.007,0.046
703,364500000,22.93,-0.04362,0.78425,-0.57775,0.453,-2.656,0.234,0.098,-0.009,0.046
704,364509765,22.89,-0.04350,0.78425,-0.57875,0.531,-2.641,0.250,0.176,0.007,0.062
705,364520507,22.89,-0.04288,0.78338,-0.57988,0.469,-2.641,0.172,0.114,0.007,-0.016
706,364530273,22.94,-0.04250,0.78325,-0.57988,0.313,-2.672,0.250,-0.043,-0.024,0.062
707,364540039,22.94,-0.04275,0.78375,-0.57950,0.344,-2.656,0.172,-0.011,-0.009,-0.016
708,364549804,22.96,-0.04288,0.78287,-0.57925,0.469,-2.641,0.172,0.114,0.007,-0.016
709,364560546,22.91,-0.04312,0.78325,-0.57913,0.281,-2.625,0.188,-0.074,0.023,-0.001
710,364570312,22.91,-0.04263,0.78425,-0.57937,0.203,-2.609,0.156,-0.152,0.038,-0.032
711,364580078,22.91,-0.04225,0.78450,-0.57900,0.344,-2.656,0.172,-0.011,-0.009,-0.016
712,364589843,22.91,-0.04300,0.78487,-0.57837,0.281,-2.641,0.172,-0.074,0.007,-0.016
713,364600585,22.88,-0.04325,0.78475,-0.57813,0.422,-2.625,0.156,0.067,0.023,-0.032
714,364610351,22.88,-0.04337,0.78500,-0.57800,0.313,-2.625,0.125,-0.043,0.023,-0.063
715,364620117,22.89,-0.04350,0.78487,-0.57862,0.391,-2.641,0.172,0.035,0.007,-0.016
716,364629882,22.89,-0.04325,0.78450,-0.57862,0.469,-2.625,0.234,0.114,0.023,0.046
717,364640625,22.93,-0.04337,0.78400,-0.57875,0.406,-2.625,0.188,0.051,0.023,-0.001
718,364650390,22.93,-0.04325,0.78425,-0.57925,0.438,-2.625,0.203,0.082,0.023,0.015
719,364660156,22.92,-0.04325,0.78412,-0.57913,0.422,-2.672,0.188,0.067,-0.024,-0.001
720,364669921,22.92,-0.04312,0.78363,-0.57950,0.375,-2.688,0.172,0.020,-0.040,-0.016
721,364680664,22.94,-0.04275,0.78387,-0.57937,0.313,-2.656,0.172,-0.043,-0.009,-0.016
722,364690429,22.94,-0.04275,0.78425,-0.57888,0.266,-2.641,0.141,-0.090,0.007,-0.047
723,364700195,22.92,-0.04288,0.78463,-0.57862,0.281,-2.641,0.234,-0.074,0.007,0.046
724,364709960,22.92,-0.04238,0.78438,-0.57800,0.297,-2.656,0.188,-0.058,-0.009,-0.001
725,364719726,22.94,-0.04250,0.78387,-0.57800,0.250,-2.641,0.188,-0.105,0.007,-0.001
726,364730468,22.94,-0.04325,0.78425,-0.57800,0.250,-2.688,0.188,-0.105,-0.040,-0.001
727,364740234,22.92,-0.04325,0.78500,-0.57775,0.375,-2.656,0.156,0.020,-0.009,-0.032
728,364750000,22.92,-0.04325,0.78487,-0.57788,0.391,-2.625,0.188,0.035,0.023,-0.001
729,364759765,22.91,-0.04375,0.78425,-0.57813,0.453,-2.672,0.250,0.098,-0.024,0.062
730,364770507,22.92,-0.04337,0.78425,-0.57875,0.422,-2.672,0.281,0.067,-0.024,0.093
731,364780273,22.92,-0.04300,0.78438,-0.57950,0.422,-2.641,0.172,0.067,0.007,-0.016
732,364790039,22.89,-0.04288,0.78387,-0.57937,0.422,-2.641,0.234,0.067,0.007,0.046
733,364799804,22.89,-0.04325,0.78363,-0.57937,0.375,-2.656,0.156,0.020,-0.009,-0.032
734,364810546,22.88,-0.04350,0.78375,-0.57937,0.313,-2.656,0.203,-0.043,-0.009,0.015
735,364820312,22.88,-0.04387,0.78375,-0.57825,0.328,-2.625,0.172,-0.027,0.023,-0.016
736,364830078,22.93,-0.04375,0.78425,-0.57788,0.234,-2.672,0.234,-0.121,-0.024,0.046
737,364839843,22.93,-0.04288,0.78450,-0.57837,0.281,-2.594,0.188,-0.074,0.054,-0.001
738,364850585,22.95,-0.04263,0.78450,-0.57775,0.313,-2.609,0.172,-0.043,0.038,-0.016
739,364860351,22.95,-0.04250,0.78463,-0.57737,0.375,-2.609,0.172,0.020,0.038,-0.016
740,364870117,22.95,-0.04288,0.78475,-0.57750,0.375,-2.672,0.172,0.020,-0.024,-0.016
741,364879882,22.95,-0.04312,0.78500,-0.57788,0.422,-2.609,0.156,0.067,0.038,-0.032
742,364890625,22.91,-0.04337,0.78500,-0.57775,0.453,-2.641,0.234,0.098,0.007,0.046
743,364900390,22.91,-0.04325,0.78463,-0.57813,0.422,-2.672,0.203,0.067,-0.024,0.015
744,364910156,22.89,-0.04325,0.78450,-0.57925,0.328,-2.656,0.281,-0.027,-0.009,0.093
745,364919921,22.89,-0.04312,0.78387,-0.57925,0.469,-2.625,0.250,0.114,0.023,0.062
746,364930664,22.91,-0.04288,0.78400,-0.57925,0.438,-2.641,0.188,0.082,0.007,-0.001
747,364940429,22.91,-0.04325,0.78450,-0.57950,0.313,-2.672,0.203,-0.043,-0.024,0.015
748,364950195,22.91,-0.04325,0.78425,-0.57900,0.313,-2.688,0.188,-0.043,-0.040,-0.001
749,364959960,22.91,-0.04325,0.78450,-0.57875,0.297,-2.672,0.172,-0.058,-0.024,-0.016
750,364969726,22.93,-0.04312,0.78463,-0.57888,0.266,-2.609,0.203,-0.090,0.038,0.015
751,364980468,22.87,-0.04288,0.78487,-0.57850,0.344,-2.656,0.156,-0.011,-0.009,-0.032
752,364990234,22.87,-0.04325,0.78512,-0.57788,0.266,-2.688,0.234,-0.090,-0.040,0.046
753,365000000,22.91,-0.04312,0.78500,-0.57800,0.313,-2.641,0.234,-0.043,0.007,0.046
754,365009765,22.91,-0.04275,0.78512,-0.57813,0.422,-2.656,0.156,0.067,-0.009,-0.032
755,365020507,22.89,-0.04275,0.78487,-0.57813,0.375,-2.625,0.203,0.020,0.023,0.015
756,365030273,22.89,-0.04325,0.78463,-0.57850,0.469,-2.625,0.188,0.114,0.023,-0.001
757,365040039,22.93,-0.04337,0.78312,-0.57900,0.438,-2.656,0.250,0.082,-0.009,0.062
758,365049804,22.93,-0.04300,0.78338,-0.57950,0.406,-2.672,0.188,0.051,-0.024,-0.001
759,365060546,22.95,-0.04350,0.78387,-0.57937,0.469,-2.625,0.203,0.114,0.023,0.015
760,365070312,22.95,-0.04288,0.78387,-0.57937,0.344,-2.625,0.125,-0.011,0.023,-0.063
761,365080078,22.90,-0.04200,0.78387,-0.57875,0.188,-2.656,0.109,-0.168,-0.009,-0.079
762,365089843,22.90,-0.04200,0.78438,-0.57813,0.344,-2.672,0.125,-0.011,-0.024,-0.063
763,365100585,22.96,-0.04225,0.78450,-0.57825,0.391,-2.672,0.188,0.035,-0.024,-0.001
764,365110351,22.96,-0.04275,0.78438,-0.57763,0.297,-2.672,0.203,-0.058,-0.024,0.015
765,365120117,22.95,-0.04288,0.78475,-0.57775,0.297,-2.656,0.203,-0.058,-0.009,0.015
766,365129882,22.95,-0.04312,0.78450,-0.57813,0.328,-2.656,0.125,-0.027,-0.009,-0.063
767,365140625,22.91,-0.04337,0.78425,-0.57800,0.391,-2.641,0.172,0.035,0.007,-0.016
768,365150390,22.91,-0.04325,0.78450,-0.57825,0.453,-2.656,0.188,0.098,-0.009,-0.001
769,365160156,22.93,-0.04325,0.78438,-0.57900,0.391,-2.672,0.172,0.035,-0.024,-0.016
770,365170898,22.93,-0.04312,0.78412,-0.57913,0.406,-2.625,0.156,0.051,0.023,-0.032
771,365180664,22.88,-0.04288,0.78375,-0.57900,0.500,-2.641,0.172,0.145,0.007,-0.016
772,365190429,22.94,-0.04250,0.78387,-0.57937,0.391,-2.625,0.125,0.035,0.023,-0.063
773,365200195,22.94,-0.04238,0.78463,-0.57975,0.266,-2.625,0.141,-0.090,0.023,-0.047
774,365209960,22.86,-0.04213,0.78475,-0.57988,0.328,-2.656,0.234,-0.027,-0.009,0.046
775,365220703,22.86,-0.04175,0.78412,-0.57913,0.297,-2.609,0.156,-0.058,0.038,-0.032
776,365230468,22.89,-0.04275,0.78412,-0.57763,0.313,-2.625,0.156,-0.043,0.023,-0.032
777,365240234,22.89,-0.04300,0.78487,-0.57813,0.313,-2.641,0.188,-0.043,0.007,-0.001
778,365250000,22.93,-0.04263,0.78525,-0.57813,0.344,-2.672,0.172,-0.011,-0.024,-0.016
779,365259765,22.93,-0.04350,0.78538,-0.57813,0.453,-2.641,0.188,0.098,0.007,-0.001
780,365270507,22.94,-0.04325,0.78487,-0.57837,0.391,-2.656,0.281,0.035,-0.009,0.093
781,365280273,22.94,-0.04325,0.78475,-0.57788,0.438,-2.719,0.188,0.082,-0.071,-0.001
782,365290039,22.91,-0.04263,0.78450,-0.57837,0.484,-2.656,0.156,0.129,-0.009,-0.032
783,365299804,22.91,-0.04275,0.78400,-0.57900,0.391,-2.688,0.125,0.035,-0.040,-0.063
784,365310546,22.95,-0.04263,0.78425,-0.57875,0.406,-2.656,0.156,0.051,-0.009,-0.032
785,365320312,22.95,-0.04200,0.78438,-0.57888,0.438,-2.672,0.156,0.082,-0.024,-0.032
786,365330078,22.94,-0.04238,0.78387,-0.57850,0.297,-2.656,0.141,-0.058,-0.009,-0.047
787,365339843,22.94,-0.04300,0.78400,-0.57837,0.234,-2.656,0.141,-0.121,-0.009,-0.047
788,365350585,22.91,-0.04350,0.78425,-0.57850,0.406,-2.641,0.156,0.051,0.007,-0.032
789,365360351,22.91,-0.04325,0.78438,-0.57837,0.344,-2.672,0.125,-0.011,-0.024,-0.063
790,365370117,22.88,-0.04325,0.78487,-0.57825,0.234,-2.656,0.172,-0.121,-0.009,-0.016
791,365379882,22.88,-0.04362,0.78512,-0.57800,0.406,-2.641,0.250,0.051,0.007,0.062
792,365390625,22.91,-0.04375,0.78450,-0.57813,0.406,-2.656,0.234,0.051,-0.009,0.046
793,365400390,22.88,-0.04350,0.78438,-0.57813,0.328,-2.625,0.188,-0.027,0.023,-0.001
794,365410156,22.88,-0.04325,0.78463,-0.57800,0.469,-2.656,0.203,0.114,-0.009,0.015
795,365419921,22.89,-0.04263,0.78475,-0.57813,0.531,-2.734,0.203,0.176,-0.087,0.015
796,365430664,22.89,-0.04200,0.78463,-0.57900,0.391,-2.672,0.156,0.035,-0.024,-0.032
797,365440429,22.88,-0.04200,0.78363,-0.57913,0.438,-2.609,0.172,0.082,0.038,-0.016
798,365450195,22.88,-0.04213,0.78412,-0.57900,0.438,-2.609,0.156,0.082,0.038,-0.032
799,365459960,22.95,-0.04288,0.78400,-0.57900,0.328,-2.656,0.203,-0.027,-0.009,0.015
800,365469726,22.95,-0.04300,0.78412,-0.57925,0.297,-2.625,0.172,-0.058,0.023,-0.016
801,365480468,22.93,-0.04362,0.78463,-0.57850,0.328,-2.656,0.203,-0.027,-0.009,0.015
802,365490234,22.93,-0.04375,0.78475,-0.57788,0.313,-2.656,0.188,-0.043,-0.009,-0.001
803,365500000,22.90,-0.04312,0.78438,-0.57813,0.281,-2.625,0.141,-0.074,0.023,-0.047
804,365509765,22.90,-0.04337,0.78425,-0.57788,0.406,-2.625,0.281,0.051,0.023,0.093
805,365520507,22.90,-0.04337,0.78487,-0.57813,0.391,-2.625,0.234,0.035,0.023,0.046
806,365530273,22.90,-0.04312,0.78538,-0.57825,0.313,-2.625,0.188,-0.043,0.023,-0.001
807,365540039,22.93,-0.04312,0.78512,-0.57775,0.406,-2.656,0.156,0.051,-0.009,-0.032
808,365549804,22.93,-0.04288,0.78487,-0.57813,0.453,-2.672,0.188,0.098,-0.024,-0.001
809,365561523,22.91,-0.04213,0.78438,-0.57875,0.453,-2.609,0.234,0.098,0.038,0.046
810,365570312,22.91,-0.04250,0.78375,-0.57900,0.406,-2.594,0.188,0.051,0.054,-0.001
811,365580078,22.91,-0.04325,0.78350,-0.57900,0.391,-2.672,0.234,0.035,-0.024,0.046
812,365589843,22.91,-0.04300,0.78338,-0.57888,0.391,-2.625,0.172,0.035,0.023,-0.016
813,365600585,22.92,-0.04275,0.78412,-0.57862,0.344,-2.609,0.203,-0.011,0.038,0.015
814,365610351,22.89,-0.04325,0.78463,-0.57825,0.250,-2.641,0.141,-0.105,0.007,-0.047
815,365620117,22.89,-0.04362,0.78463,-0.57800,0.266,-2.656,0.156,-0.090,-0.009,-0.032
816,365629882,22.86,-0.04362,0.78475,-0.57800,0.328,-2.672,0.172,-0.027,-0.024,-0.016
817,365640625,22.86,-0.04375,0.78500,-0.57775,0.406,-2.672,0.156,0.051,-0.024,-0.032
818,365650390,22.91,-0.04350,0.78475,-0.57788,0.344,-2.641,0.172,-0.011,0.007,-0.016
819,365660156,22.91,-0.04325,0.78438,-0.57800,0.297,-2.656,0.250,-0.058,-0.009,0.062
820,365669921,22.92,-0.04300,0.78438,-0.57813,0.469,-2.672,0.250,0.114,-0.024,0.062
821,365680664,22.92,-0.04225,0.78438,-0.57825,0.625,-2.625,0.203,0.270,0.023,0.015
822,365690429,22.90,-0.04175,0.78412,-0.57825,0.266,-2.625,0.172,-0.090,0.023,-0.016
823,365700195,22.90,-0.04163,0.78387,-0.57825,0.234,-2.656,0.172,-0.121,-0.009,-0.016
824,365709960,22.94,-0.04213,0.78375,-0.57850,0.641,-2.594,0.156,0.285,0.054,-0.032
825,365719726,22.94,-0.04275,0.78375,-0.57875,0.469,-2.625,0.188,0.114,0.023,-0.001
826,365730468,22.89,-0.04300,0.78425,-0.57800,0.172,-2.609,0.125,-0.183,0.038,-0.063
827,365740234,22.89,-0.04362,0.78438,-0.57750,0.344,-2.641,0.125,-0.011,0.007,-0.063
828,365750000,22.90,-0.04362,0.78463,-0.57813,0.297,-2.688,0.203,-0.058,-0.040,0.015
829,365759765,22.90,-0.04325,0.78463,-0.57837,0.266,-2.719,0.172,-0.090,-0.071,-0.016
830,365770507,22.93,-0.04387,0.78475,-0.57788,0.313,-2.641,0.094,-0.043,0.007,-0.094
831,365780273,22.93,-0.04387,0.78500,-0.57800,0.406,-2.609,0.188,0.051,0.038,-0.001
832,365790039,22.89,-0.04300,0.78438,-0.57875,0.438,-2.641,0.172,0.082,0.007,-0.016
833,365799804,22.93,-0.04350,0.78450,-0.57862,0.313,-2.656,0.188,-0.043,-0.009,-0.001
834,365810546,22.93,-0.04325,0.78512,-0.57850,0.406,-2.656,0.234,0.051,-0.009,0.046
835,365820312,22.89,-0.04213,0.78450,-0.57913,0.500,-2.656,0.203,0.145,-0.009,0.015
836,365830078,22.89,-0.04225,0.78438,-0.57900,0.266,-2.656,0.250,-0.090,-0.009,0.062
837,365839843,22.89,-0.04250,0.78450,-0.57888,0.391,-2.609,0.172,0.035,0.038,-0.016
838,365850585,22.89,-0.04250,0.78450,-0.57850,0.391,-2.609,0.234,0.035,0.038,0.046
839,365860351,22.92,-0.04300,0.78425,-0.57837,0.328,-2.625,0.156,-0.027,0.023,-0.032
840,365870117,22.92,-0.04312,0.78438,-0.57850,0.266,-2.625,0.188,-0.090,0.023,-0.001
841,365879882,22.93,-0.04387,0.78463,-0.57837,0.375,-2.641,0.125,0.020,0.007,-0.063
842,365890625,22.93,-0.04437,0.78475,-0.57813,0.297,-2.672,0.141,-0.058,-0.024,-0.047
843,365901367,22.92,-0.04412,0.78412,-0.57763,0.313,-2.656,0.156,-0.043,-0.009,-0.032
844,365910156,22.92,-0.04325,0.78425,-0.57725,0.328,-2.641,0.156,-0.027,0.007,-0.032
845,365919921,22.90,-0.04300,0.78487,-0.57712,0.391,-2.625,0.172,0.035,0.023,-0.016
846,365930664,22.90,-0.04300,0.78512,-0.57763,0.406,-2.641,0.172,0.051,0.007,-0.016
847,365940429,22.91,-0.04288,0.78500,-0.57825,0.328,-2.672,0.188,-0.027,-0.024,-0.001
848,365951171,22.91,-0.04288,0.78487,-0.57875,0.375,-2.672,0.234,0.020,-0.024,0.046
849,365959960,22.93,-0.04250,0.78438,-0.57875,0.500,-2.625,0.188,0.145,0.023,-0.001
850,365969726,22.93,-0.04263,0.78387,-0.57900,0.422,-2.641,0.156,0.067,0.007,-0.032
851,365980468,22.93,-0.04263,0.78412,-0.57862,0.266,-2.672,0.125,-0.090,-0.024,-0.063
852,365990234,22.88,-0.04250,0.78412,-0.57837,0.406,-2.672,0.188,0.051,-0.024,-0.001
853,366000976,22.88,-0.04288,0.78412,-0.57888,0.406,-2.609,0.156,0.051,0.038,-0.032
854,366009765,22.86,-0.04337,0.78450,-0.57850,0.266,-2.656,0.156,-0.090,-0.009,-0.032
855,366020507,22.86,-0.04400,0.78450,-0.57837,0.266,-2.656,0.234,-0.090,-0.009,0.046
856,366030273,22.89,-0.04325,0.78463,-0.57825,0.406,-2.672,0.156,0.051,-0.024,-0.032
857,366040039,22.89,-0.04300,0.78487,-0.57813,0.313,-2.609,0.156,-0.043,0.038,-0.032
858,366050781,22.89,-0.04350,0.78487,-0.57813,0.469,-2.609,0.172,0.114,0.038,-0.016
859,366060546,22.89,-0.04250,0.78412,-0.57763,0.484,-2.656,0.141,0.129,-0.009,-0.047
860,366070312,22.93,-0.04250,0.78412,-0.57750,0.422,-2.656,0.234,0.067,-0.009,0.046
861,366080078,22.93,-0.04300,0.78412,-0.57825,0.375,-2.656,0.172,0.020,-0.009,-0.016
862,366089843,22.92,-0.04325,0.78412,-0.57850,0.406,-2.672,0.188,0.051,-0.024,-0.001
863,366100585,22.92,-0.04312,0.78387,-0.57850,0.453,-2.609,0.234,0.098,0.038,0.046
864,366110351,22.93,-0.04312,0.78387,-0.57913,0.375,-2.625,0.203,0.020,0.023,0.015
865,366120117,22.93,-0.04275,0.78438,-0.57913,0.281,-2.656,0.203,-0.074,-0.009,0.015
866,366129882,22.89,-0.04288,0.78463,-0.57875,0.422,-2.672,0.172,0.067,-0.024,-0.016
867,366140625,22.89,-0.04325,0.78438,-0.57850,0.313,-2.688,0.172,-0.043,-0.040,-0.016
868,366150390,22.89,-0.04325,0.78412,-0.57825,0.328,-2.656,0.203,-0.027,-0.009,0.015
869,366160156,22.89,-0.04337,0.78450,-0.57813,0.344,-2.656,0.172,-0.011,-0.009,-0.016
870,366169921,22.91,-0.04337,0.78450,-0.57775,0.375,-2.641,0.172,0.020,0.007,-0.016
871,366180664,22.91,-0.04325,0.78450,-0.57800,0.391,-2.625,0.172,0.035,0.023,-0.016
872,366190429,22.91,-0.04350,0.78438,-0.57850,0.328,-2.641,0.156,-0.027,0.007,-0.032
873,366200195,22.88,-0.04387,0.78487,-0.57825,0.375,-2.656,0.156,0.020,-0.009,-0.032
874,366209960,22.88,-0.04337,0.78525,-0.57813,0.422,-2.641,0.156,0.067,0.007,-0.032
875,366219726,22.90,-0.04288,0.78475,-0.57813,0.406,-2.688,0.125,0.051,-0.040,-0.063
876,366230468,22.90,-0.04263,0.78387,-0.57862,0.297,-2.656,0.188,-0.058,-0.009,-0.001
877,366240234,22.91,-0.04325,0.78438,-0.57862,0.297,-2.672,0.188,-0.058,-0.024,-0.001
878,366250000,22.91,-0.04325,0.78475,-0.57875,0.453,-2.625,0.172,0.098,0.023,-0.016
879,366259765,22.88,-0.04275,0.78412,-0.57850,0.453,-2.656,0.141,0.098,-0.009,-0.047
880,366270507,22.88,-0.04300,0.78487,-0.57837,0.375,-2.641,0.156,0.020,0.007,-0.032
881,366280273,22.91,-0.04250,0.78475,-0.57825,0.266,-2.641,0.156,-0.090,0.007,-0.032
882,366291015,22.91,-0.04288,0.78463,-0.57750,0.281,-2.609,0.156,-0.074,0.038,-0.032
883,366299804,22.94,-0.04312,0.78463,-0.57725,0.391,-2.641,0.156,0.035,0.007,-0.032
884,366310546,22.94,-0.04275,0.78500,-0.57813,0.406,-2.672,0.156,0.051,-0.024,-0.032
885,366320312,22.93,-0.04325,0.78487,-0.57800,0.406,-2.641,0.141,0.051,0.007,-0.047
886,366330078,22.93,-0.04312,0.78475,-0.57763,0.344,-2.625,0.188,-0.011,0.023,-0.001
887,366340820,22.92,-0.04263,0.78487,-0.57862,0.375,-2.609,0.203,0.020,0.038,0.015
888,366350585,22.92,-0.04312,0.78450,-0.57875,0.391,-2.641,0.188,0.035,0.007,-0.001
889,366360351,22.91,-0.04300,0.78475,-0.57900,0.453,-2.641,0.188,0.098,0.007,-0.001
890,366370117,22.91,-0.04238,0.78450,-0.57913,0.406,-2.656,0.172,0.051,-0.009,-0.016
891,366379882,22.87,-0.04250,0.78363,-0.57925,0.375,-2.609,0.188,0.020,0.038,-0.001
892,366391601,22.88,-0.04275,0.78438,-0.57888,0.313,-2.656,0.188,-0.043,-0.009,-0.001
893,366400390,22.88,-0.04275,0.78487,-0.57825,0.344,-2.688,0.203,-0.011,-0.040,0.015
894,366410156,22.91,-0.04312,0.78463,-0.57850,0.313,-2.719,0.203,-0.043,-0.071,0.015
895,366419921,22.91,-0.04300,0.78475,-0.57825,0.234,-2.641,0.188,-0.121,0.007,-0.001
896,366430664,22.90,-0.04275,0.78487,-0.57763,0.297,-2.656,0.172,-0.058,-0.009,-0.016
897,366440429,22.90,-0.04312,0.78475,-0.57725,0.422,-2.641,0.141,0.067,0.007,-0.047
898,366450195,22.89,-0.04300,0.78450,-0.57813,0.391,-2.656,0.203,0.035,-0.009,0.015
899,366459960,22.89,-0.04250,0.78450,-0.57862,0.391,-2.641,0.156,0.035,0.007,-0.032
900,366469726,22.89,-0.04250,0.78438,-0.57800,0.328,-2.656,0.188,-0.027,-0.009,-0.001
901,366480468,22.89,-0.04275,0.78412,-0.57825,0.313,-2.656,0.250,-0.043,-0.009,0.062
902,366490234,22.88,-0.04325,0.78400,-0.57875,0.406,-2.641,0.203,0.051,0.007,0.015
903,366500000,22.88,-0.04275,0.78400,-0.57862,0.453,-2.641,0.188,0.098,0.007,-0.001
904,366509765,22.93,-0.04250,0.78400,-0.57837,0.375,-2.688,0.234,0.020,-0.040,0.046
905,366520507,22.93,-0.04250,0.78375,-0.57875,0.406,-2.688,0.172,0.051,-0.040,-0.016
906,366530273,22.90,-0.04200,0.78412,-0.57837,0.328,-2.641,0.156,-0.027,0.007,-0.032
907,366540039,22.90,-0.04163,0.78487,-0.57775,0.328,-2.641,0.172,-0.027,0.007,-0.016
908,366549804,22.90,-0.04213,0.78500,-0.57763,0.313,-2.656,0.234,-0.043,-0.009,0.046
909,366560546,22.90,-0.04325,0.78500,-0.57837,0.313,-2.672,0.172,-0.043,-0.024,-0.016
910,366570312,22.91,-0.04325,0.78487,-0.57813,0.375,-2.672,0.188,0.020,-0.024,-0.001
911,366580078,22.91,-0.04288,0.78500,-0.57763,0.391,-2.625,0.156,0.035,0.023,-0.032
912,366589843,22.93,-0.04325,0.78500,-0.57800,0.438,-2.609,0.156,0.082,0.038,-0.032
913,366600585,22.88,-0.04325,0.78450,-0.57837,0.438,-2.656,0.156,0.082,-0.009,-0.032
914,366610351,22.88,-0.04275,0.78412,-0.57862,0.375,-2.625,0.188,0.020,0.023,-0.001
915,366620117,22.89,-0.04337,0.78412,-0.57825,0.391,-2.641,0.266,0.035,0.007,0.078
916,366630859,22.89,-0.04387,0.78450,-0.57837,0.344,-2.688,0.234,-0.011,-0.040,0.046
917,366640625,22.91,-0.04350,0.78463,-0.57913,0.391,-2.625,0.234,0.035,0.023,0.046
918,366650390,22.91,-0.04312,0.78475,-0.57825,0.313,-2.656,0.172,-0.043,-0.009,-0.016
919,366660156,22.89,-0.04312,0.78512,-0.57825,0.313,-2.672,0.172,-0.043,-0.024,-0.016
920,366669921,22.89,-0.04300,0.78463,-0.57837,0.344,-2.688,0.156,-0.011,-0.040,-0.032
921,366680664,22.93,-0.04275,0.78512,-0.57800,0.313,-2.625,0.188,-0.043,0.023,-0.001
922,366690429,22.93,-0.04288,0.78338,-0.57712,0.125,-2.625,0.109,-0.230,0.023,-0.079
923,366700195,22.90,-0.04288,0.78300,-0.57650,-0.094,-2.641,0.172,-0.449,0.007,-0.016
924,366709960,22.90,-0.04288,0.78550,-0.57775,1.328,-2.469,0.234,0.973,0.179,0.046
925,366719726,22.88,-0.04312,0.78538,-0.57988,1.500,-2.516,0.188,1.145,0.132,-0.001
926,366731445,22.88,-0.04387,0.78538,-0.58025,-0.047,-2.719,0.156,-0.402,-0.071,-0.032
927,366740234,22.93,-0.04412,0.78475,-0.57825,-0.031,-2.641,0.047,-0.386,0.007,-0.141
928,366750000,22.93,-0.08438,0.82337,-0.51725,-0.031,0.203,-1.563,-0.386,2.851,-1.751
929,366759765,22.91,-0.18188,0.93575,-0.30625,59.813,29.375,-20.375,59.457,32.023,-20.563
930,366770507,22.91,-0.21788,1.04188,-0.21038,173.156,37.656,-14.938,172.801,40.304,-15.126
931,366780273,22.89,-0.19000,1.16900,-0.04025,148.406,35.281,-15.547,148.051,37.929,-15.735
932,366790039,22.89,0.02725,1.41538,-0.23638,-16.781,-60.250,-10.297,-17.136,-57.602,-10.485
933,366799804,22.91,0.07275,1.04075,-0.53700,-269.453,-179.328,70.063,-269.808,-176.680,69.874
934,366810546,22.91,-0.12537,0.36375,-0.88025,-134.516,-186.531,34.891,-134.871,-183.884,34.703
935,366820312,22.91,-0.08400,0.21400,-1.35725,-7.875,-127.203,-8.250,-8.230,-124.555,-8.438
936,366831054,22.94,-0.03787,0.38275,-1.08525,-31.656,-23.344,-22.266,-32.011,-20.696,-22.454
937,366839843,22.94,-0.09225,0.71475,-0.61750,-6.422,-33.313,-12.109,-6.777,-30.665,-12.297
938,366850585,22.88,-0.10587,0.93425,-0.41625,-20.828,-52.375,-2.422,-21.183,-49.727,-2.610
939,366860351,22.88,-0.08175,1.02038,-0.59600,-38.641,-64.578,12.750,-38.996,-61.930,12.562
940,366870117,22.91,-0.08138,0.94300,-0.78987,-24.953,-60.328,26.391,-25.308,-57.680,26.203
941,366879882,22.91,-0.11900,0.86538,-0.88425,-0.266,-33.516,30.672,-0.621,-30.868,30.484
942,366890625,22.91,-0.13362,0.85825,-0.78200,13.703,-0.297,27.156,13.348,2.351,26.968
943,366900390,22.91,-0.14425,0.92375,-0.57525,21.203,15.938,27.625,20.848,18.585,27.437
944,366910156,22.91,-0.16500,0.96400,-0.31612,53.969,16.578,36.641,53.614,19.226,36.453
945,366919921,22.91,-0.15000,1.00750,-0.08188,61.000,-4.859,41.281,60.645,-2.212,41.093
946,366930664,22.89,-0.12950,1.07525,-0.00625,53.391,-42.828,51.578,53.035,-40.180,51.390
947,366940429,22.89,-0.13750,1.00362,-0.05513,30.219,-87.297,75.047,29.864,-84.649,74.859
948,366950195,22.92,-0.14913,0.79688,-0.21900,-9.875,-133.984,87.359,-10.230,-131.337,87.171
949,366959960,22.92,-0.19762,0.60500,-0.50150,-33.703,-171.234,83.938,-34.058,-168.587,83.749
950,366969726,22.93,-0.22287,0.50638,-0.78850,-24.891,-184.000,70.703,-25.246,-181.352,70.515
951,366980468,22.93,-0.18188,0.52825,-0.90538,0.875,-168.203,52.406,0.520,-165.555,52.218
952,366990234,22.86,-0.11987,0.66963,-0.79737,-7.469,-144.625,36.953,-7.824,-141.977,36.765
953,367000000,22.86,-0.10450,0.79900,-0.66687,-35.984,-139.891,39.391,-36.340,-137.243,39.203
954,367009765,22.88,-0.10975,0.82225,-0.61100,-36.078,-134.625,45.375,-36.433,-131.977,45.187
955,367020507,22.90,-0.13025,0.84237,-0.52025,-46.547,-121.172,48.219,-46.902,-118.524,48.031
956,367030273,22.90,-0.18738,0.87062,-0.42100,-51.047,-142.516,57.547,-51.402,-139.868,57.359
957,367040039,22.94,-0.23975,0.80937,-0.43938,-50.906,-157.063,59.359,-51.261,-154.415,59.171
958,367049804,22.94,-0.25550,0.65863,-0.60962,-21.750,-146.813,42.094,-22.105,-144.165,41.906
959,367060546,22.91,-0.20700,0.56788,-1.30650,5.359,-79.750,6.547,5.004,-77.102,6.359
960,367071289,22.91,-0.12550,0.99862,-1.09438,36.875,16.594,-21.234,36.520,19.241,-21.422
961,367080078,22.88,-0.06750,1.41538,-0.50475,48.938,55.234,11.797,48.582,57.882,11.609
962,367089843,22.88,-0.06850,1.35200,-0.24800,34.969,35.047,72.422,34.614,37.695,72.234
963,367100585,22.93,-0.01312,0.95050,-0.53125,-0.641,17.734,105.813,-0.996,20.382,105.624
964,367110351,22.93,0.04412,0.59213,-1.05700,-29.766,44.359,95.844,-30.121,47.007,95.656
965,367121093,22.89,0.00063,0.47263,-1.48063,-7.906,119.781,62.734,-8.261,122.429,62.546
966,367129882,22.89,-0.12362,0.44662,-1.64987,50.203,215.484,30.563,49.848,218.132,30.374
967,367140625,22.89,-0.22650,0.35725,-1.59800,90.672,301.766,0.266,90.317,304.413,0.078
968,367150390,22.89,-0.28637,0.24925,-1.35438,100.156,366.922,-34.328,99.801,369.570,-34.516
969,367160156,22.88,-0.32275,0.23100,-0.99950,79.203,396.984,-72.156,78.848,399.632,-72.344
970,367169921,22.88,-0.27487,0.36362,-0.71375,-12.375,392.250,-102.000,-12.730,394.898,-102.188
971,367180664,22.89,-0.14763,0.58700,-0.59625,-108.172,366.797,-105.578,-108.527,369.445,-105.766
972,367190429,22.89,-0.08750,0.80888,-0.74062,-194.641,347.203,-81.984,-194.996,349.851,-82.172
973,367200195,22.89,-0.10075,0.98913,-0.79788,-222.203,351.891,-41.219,-222.558,354.538,-41.407
974,367209960,22.89,-0.13487,1.07800,-0.49462,-195.875,350.609,-1.297,-196.230,353.257,-1.485
975,367219726,22.91,-0.17087,1.07587,-0.05887,-151.859,333.328,26.156,-152.215,335.976,25.968
976,367230468,22.87,-0.12025,1.00300,0.39313,-125.219,221.031,43.609,-125.574,223.679,43.421
977,367240234,22.87,-0.04525,0.90675,0.64887,-172.969,154.703,36.578,-173.324,157.351,36.390
978,367250000,22.88,-0.04650,0.85325,0.61662,-201.375,112.203,28.688,-201.730,114.851,28.499
979,367259765,22.88,0.00513,0.86950,0.48313,-162.266,76.391,29.141,-162.621,79.038,28.953
980,367270507,22.93,0.11400,0.89512,0.15413,-113.547,45.203,34.766,-113.902,47.851,34.578
981,367280273,22.93,0.12075,0.82612,-0.05250,-99.594,28.000,31.500,-99.949,30.648,31.312
982,367290039,22.94,0.22525,0.86062,-0.29437,-106.406,25.750,18.875,-106.761,28.398,18.687
983,367299804,22.94,0.26200,0.95100,-0.44888,-32.625,43.766,26.016,-32.980,46.413,25.828
984,367310546,22.92,0.35962,0.98975,-0.38788,-34.453,67.469,32.344,-34.808,70.116,32.156
985,367320312,22.92,0.39400,0.93912,-0.14950,-37.328,76.516,42.109,-37.683,79.163,41.921
986,367330078,22.88,0.30975,0.74400,0.11787,-48.000,65.828,45.938,-48.355,68.476,45.749
987,367339843,22.88,0.28137,0.51638,0.23325,-103.250,43.859,28.781,-103.605,46.507,28.593
988,367350585,22.91,0.28850,0.44062,0.29700,-136.125,24.406,-5.391,-136.480,27.054,-5.579
989,367360351,22.91,0.27075,0.53363,0.34375,-161.250,-2.969,-39.844,-161.605,-0.321,-40.032
990,367370117,22.87,0.25412,0.74025,0.27225,-174.266,-29.563,-63.688,-174.621,-26.915,-63.876
991,367379882,22.87,0.21912,0.98375,0.13387,-168.000,-45.641,-63.703,-168.355,-42.993,-63.891
992,367390625,22.88,0.18225,1.06713,0.04938,-121.422,-50.500,-51.156,-121.777,-47.852,-51.344
993,367400390,22.88,0.15975,0.99162,0.07475,-111.250,-53.797,-49.063,-111.605,-51.149,-49.251
994,367410156,22.89,0.12237,0.88850,0.16000,-118.109,-59.031,-59.797,-118.465,-56.384,-59.985
995,367419921,22.88,0.08213,0.78738,0.29738,-137.422,-67.172,-79.250,-137.777,-64.524,-79.438
996,367430664,22.88,0.01525,0.71800,0.46987,-151.906,-108.313,-131.484,-152.261,-105.665,-131.672
997,367440429,22.88,-0.03150,0.70250,0.60250,-157.500,-138.625,-159.391,-157.855,-135.977,-159.579
998,367450195,22.88,-0.00887,0.74425,0.61387,-182.031,-160.391,-181.938,-182.386,-157.743,-182.126
999,367459960,22.89,0.04650,0.88238,0.47775,-172.859,-169.000,-186.531,-173.215,-166.352,-186.719
1000,367469726,22.89,0.12525,1.09775,0.13900,-141.281,-170.500,-172.547,-141.636,-167.852,-172.735
1001,367480468,22.89,0.18313,1.33813,0.10662,-117.953,-177.500,-154.000,-118.308,-174.852,-154.188
1002,367490234,22.89,0.13387,1.40063,0.02337,-82.703,-190.266,-129.359,-83.058,-187.618,-129.547
1003,367500000,22.94,0.08163,1.37350,-0.11900,-33.250,-181.813,-94.031,-33.605,-179.165,-94.219
1004,367509765,22.94,0.01887,1.23313,-0.15550,-4.656,-152.719,-61.516,-5.011,-150.071,-61.704
1005,367520507,22.91,-0.01263,1.07088,-0.01250,22.859,-117.953,-41.031,22.504,-115.305,-41.219
1006,367530273,22.91,0.01362,0.93637,0.24750,13.594,-97.750,-32.359,13.239,-95.102,-32.547
1007,367540039,22.89,0.01988,0.90350,0.39925,-17.688,-104.656,-38.813,-18.043,-102.009,-39.001
1008,367549804,22.89,0.02100,0.97113,0.32462,-37.250,-122.234,-45.438,-37.605,-119.587,-45.626
1009,367561523,22.87,0.03138,1.06550,0.13075,-45.313,-130.109,-46.047,-45.668,-127.462,-46.235
1010,367570312,22.87,0.00400,1.17075,-0.06050,-48.656,-122.906,-38.469,-49.011,-120.259,-38.657
1011,367580078,22.91,-0.01650,1.21863,-0.11213,-27.219,-99.156,-20.859,-27.574,-96.509,-21.047
1012,367589843,22.91,0.00762,1.16962,0.03050,-30.000,-73.828,-1.938,-30.355,-71.180,-2.126
1013,367600585,22.92,0.02838,1.07137,0.23463,-56.422,-62.563,8.516,-56.777,-59.915,8.328
1014,367610351,22.92,0.04950,1.00038,0.28663,-71.063,-69.391,11.281,-71.418,-66.743,11.093
1015,367620117,22.88,0.06425,0.99100,0.11488,-70.297,-71.734,11.688,-70.652,-69.087,11.499
1016,367629882,22.86,0.09162,1.05238,-0.05162,-59.594,-54.313,16.016,-59.949,-51.665,15.828
1017,367640625,22.86,0.11475,1.13013,-0.05275,-45.734,-13.094,44.156,-46.090,-10.446,43.968
1018,367650390,22.87,0.09875,1.14800,-0.00550,-0.094,0.609,56.938,-0.449,3.257,56.749
1019,367660156,22.87,0.08350,1.12563,0.00387,33.344,14.203,67.797,32.989,16.851,67.609
1020,367669921,22.91,0.07512,1.09700,0.01362,54.234,33.891,75.078,53.879,36.538,74.890
1021,367680664,22.91,0.10900,1.21487,0.04225,58.953,53.625,87.641,58.598,56.273,87.453
1022,367690429,22.93,0.14650,1.31100,0.01688,62.703,69.969,106.906,62.348,72.616,106.718
1023,367700195,22.93,0.18937,1.38138,-0.03600,53.984,86.234,131.563,53.629,88.882,131.374
1024,367709960,22.89,0.19662,1.38525,-0.10000,51.125,99.875,159.984,50.770,102.523,159.796
1025,367719726,22.89,0.18762,1.32625,-0.13950,62.188,112.594,184.813,61.832,115.241,184.624
1026,367730468,22.88,0.22650,1.24087,-0.06363,80.656,123.172,201.594,80.301,125.820,201.406
1027,367740234,22.88,0.25550,1.23325,0.03025,73.734,129.844,208.734,73.379,132.491,208.546
1028,367750000,22.92,0.19425,1.34775,0.11488,88.719,142.078,225.484,88.364,144.726,225.296
1029,367759765,22.92,0.11613,1.42188,0.27725,125.938,150.703,259.906,125.582,153.351,259.718
1030,367770507,22.91,0.05262,1.34712,0.51525,176.469,144.031,294.625,176.114,146.679,294.437
1031,367780273,22.91,-0.07400,1.12837,0.72813,155.813,119.000,306.859,155.457,121.648,306.671
1032,367790039,22.86,-0.15275,0.94350,0.66787,90.844,86.047,293.188,90.489,88.695,292.999
1033,367799804,22.86,0.18225,0.90687,0.48300,42.813,70.594,278.922,42.457,73.241,278.734
1034,367810546,22.89,0.49262,0.91275,0.43700,-31.297,67.703,265.078,-31.652,70.351,264.890
1035,367820312,22.86,0.48187,0.82737,0.49138,-10.625,52.000,253.719,-10.980,54.648,253.531
1036,367830078,22.86,0.26600,0.66363,0.48013,-40.828,35.875,224.922,-41.183,38.523,224.734
1037,367839843,22.90,0.29725,0.57875,0.37362,-99.891,32.313,198.672,-100.246,34.960,198.484
1038,367851562,22.90,0.52225,0.45387,0.35375,-91.344,17.906,180.063,-91.699,20.554,179.874
1039,367860351,22.85,0.42438,0.28350,0.49300,-87.375,-18.172,156.453,-87.730,-15.524,156.265
1040,367870117,22.85,0.36662,0.19900,0.30288,-87.375,-38.297,127.906,-87.730,-35.649,127.718
1041,367879882,22.94,0.41875,0.15925,-0.03188,-76.719,-34.328,95.438,-77.074,-31.680,95.249
1042,367890625,22.94,0.56637,0.15175,-0.03725,-67.625,-2.094,51.875,-67.980,0.554,51.687
1043,367900390,22.89,0.69325,0.50213,0.22637,-26.656,-0.703,45.500,-27.011,1.945,45.312
1044,367910156,22.89,0.77475,0.45175,0.22725,20.422,-13.094,52.469,20.067,-10.446,52.281
1045,367919921,22.87,0.79563,0.42700,0.17725,28.578,-14.484,34.391,28.223,-11.837,34.203
1046,367930664,22.87,0.78587,0.48512,0.19075,47.484,-17.516,32.188,47.129,-14.868,31.999
1047,367940429,22.92,0.74387,0.42450,0.21038,52.672,-16.969,22.516,52.317,-14.321,22.328
1048,367951171,22.92,0.73875,0.44612,0.23913,56.719,-15.469,8.469,56.364,-12.821,8.281
1049,367959960,22.88,0.74975,0.44738,0.25138,64.734,-19.688,-2.234,64.379,-17.040,-2.422
1050,367969726,22.88,0.76900,0.45413,0.23600,59.172,-25.781,-19.578,58.817,-23.134,-19.766
1051,367980468,22.88,0.78638,0.54050,0.24650,58.656,-32.172,-32.641,58.301,-29.524,-32.829
1052,367990234,22.88,0.82325,0.59200,0.23125,53.266,-42.625,-41.813,52.910,-39.977,-42.001
1053,368000000,22.90,0.86862,0.64087,0.10537,52.922,-49.203,-53.266,52.567,-46.555,-53.454
1054,368009765,22.90,0.85650,0.68625,-0.03725,65.922,-43.375,-54.188,65.567,-40.727,-54.376
1055,368020507,22.88,0.80512,0.57837,-0.14313,70.703,-23.156,-50.891,70.348,-20.509,-51.079
1056,368030273,22.84,0.70688,0.38225,-0.21563,24.484,12.375,-64.375,24.129,15.023,-64.563
1057,368040039,22.84,0.50575,0.29175,-0.36875,-98.703,58.047,-120.375,-99.058,60.695,-120.563
1058,368049804,22.87,0.39187,0.39350,-0.45825,-240.281,131.984,-124.625,-240.636,134.632,-124.813
1059,368060546,22.87,0.38712,0.60888,-0.10900,-277.750,213.219,-107.094,-278.105,215.866,-107.282
1060,368070312,22.89,0.49188,0.75762,0.87038,-194.250,187.250,-86.203,-194.605,189.898,-86.391
1061,368080078,22.89,0.52150,0.76013,0.99087,-123.047,129.000,-77.828,-123.402,131.648,-78.016
1062,368089843,22.86,0.37075,0.61850,0.87038,-46.141,77.844,-80.516,-46.496,80.491,-80.704
1063,368100585,22.86,0.46637,0.54888,0.63975,78.688,43.984,-80.547,78.332,46.632,-80.735
1064,368110351,22.86,0.47813,0.34700,0.56525,256.500,31.625,-80.234,256.145,34.273,-80.422
1065,368120117,22.86,0.44588,0.05025,0.79450,363.500,-3.406,-116.375,363.145,-0.759,-116.563
1066,368129882,22.86,0.44425,-0.12787,1.11938,378.250,-75.344,-196.203,377.895,-72.696,-196.391
1067,368140625,22.86,0.35250,-0.03350,1.11625,260.047,-168.531,-299.078,259.692,-165.884,-299.266
1068,368150390,22.88,0.08450,0.32312,0.70250,120.469,-231.156,-379.563,120.114,-228.509,-379.751
1069,368160156,22.88,-0.08388,0.70413,0.33887,19.719,-245.203,-418.281,19.364,-242.555,-418.469
1070,368169921,22.89,-0.02325,0.95000,0.26212,-48.672,-224.531,-428.594,-49.027,-221.884,-428.782
1071,368180664,22.89,-0.07938,1.19650,0.23688,-143.266,-190.766,-417.656,-143.621,-188.118,-417.844
1072,368191406,22.89,-0.22175,1.38888,0.17000,-93.047,-156.281,-376.297,-93.402,-153.634,-376.485
1073,368200195,22.89,-0.26925,1.51513,0.28987,-26.531,-136.547,-316.953,-26.886,-133.899,-317.141
1074,368209960,22.88,-0.21788,1.56650,0.49350,12.734,-142.969,-247.234,12.379,-140.321,-247.422
1075,368219726,22.88,-0.12962,1.40500,0.53350,16.797,-168.641,-192.781,16.442,-165.993,-192.969
1076,368230468,22.84,-0.09500,1.22087,0.34850,1.563,-193.922,-170.875,1.207,-191.274,-171.063
1077,368240234,22.88,-0.10625,1.18275,-0.00387,-33.156,-209.797,-161.266,-33.511,-207.149,-161.454
1078,368250000,22.88,-0.08725,1.31563,-0.46387,-42.188,-202.219,-138.484,-42.543,-199.571,-138.672
1079,368259765,22.89,0.04988,1.48463,-0.71437,-3.813,-99.141,-98.125,-4.168,-96.493,-98.313
1080,368270507,22.89,0.15225,1.45412,-0.61787,8.594,-66.016,-66.875,8.239,-63.368,-67.063
1081,368280273,22.88,0.09725,1.19663,-0.53012,51.328,-13.234,-54.688,50.973,-10.587,-54.876
1082,368290039,22.88,0.02050,0.90663,-0.10262,75.516,21.766,-58.563,75.160,24.413,-58.751
1083,368299804,22.87,-0.06838,1.11250,0.30538,84.484,28.016,-55.750,84.129,30.663,-55.938
1084,368310546,22.87,-0.20613,1.21962,0.59225,111.188,15.484,-24.484,110.832,18.132,-24.672
1085,368320312,22.89,-0.16225,1.08213,0.77087,92.047,-12.500,-7.375,91.692,-9.852,-7.563
1086,368330078,22.89,-0.09413,0.94600,0.71950,54.719,-54.203,-17.813,54.364,-51.555,-18.001
1087,368340820,22.89,-0.02750,0.92812,0.39038,8.422,-93.250,-38.328,8.067,-90.602,-38.516
1088,368350585,22.89,-0.03087,1.00625,-0.07963,-12.547,-103.953,-54.141,-12.902,-101.305,-54.329
1089,368360351,22.87,-0.04525,1.19700,-0.35625,-7.781,-82.188,-50.922,-8.136,-79.540,-51.110
1090,368370117,22.87,-0.06212,1.31900,-0.41137,8.156,-54.578,-21.281,7.801,-51.930,-21.469
1091,368379882,22.85,-0.12212,1.21150,-0.43438,54.141,-26.406,0.734,53.785,-23.759,0.546
1092,368390625,22.85,-0.16275,1.14312,-0.46813,85.328,3.563,3.156,84.973,6.210,2.968
1093,368400390,22.88,-0.19687,1.28838,-0.46013,106.250,51.203,10.766,105.895,53.851,10.578
1094,368410156,22.88,-0.25762,1.41863,-0.26837,142.219,103.453,37.297,141.864,106.101,37.109
1095,368419921,22.88,-0.28987,1.36975,0.05738,188.766,130.719,65.156,188.410,133.366,64.968
1096,368430664,22.91,-0.25700,1.29900,0.18475,218.422,124.453,78.547,218.067,127.101,78.359
1097,368440429,22.91,-0.22312,1.32363,-0.03275,253.203,117.844,106.031,252.848,120.491,105.843
1098,368450195,22.88,-0.11800,1.21762,-0.38100,292.219,127.953,99.203,291.864,130.601,99.015
1099,368459960,22.88,0.01963,1.06500,-0.53638,304.453,204.891,91.750,304.098,207.538,91.562
1100,368469726,22.86,0.06087,1.02038,-0.34350,294.406,188.625,89.813,294.051,191.273,89.624
1101,368480468,22.86,0.04163,0.89412,-0.28475,240.625,171.469,75.531,240.270,174.116,75.343
1102,368490234,22.87,0.04675,0.63725,-0.22600,214.953,173.813,54.344,214.598,176.460,54.156
1103,368500000,22.87,0.06863,0.69250,-0.00387,167.016,160.719,33.859,166.660,163.366,33.671
1104,368509765,22.90,0.10587,0.77100,-0.02150,112.672,124.828,25.531,112.317,127.476,25.343
1105,368520507,22.90,0.05225,0.76938,-0.33863,75.844,109.688,20.453,75.489,112.335,20.265
1106,368530273,22.88,-0.04375,0.86113,-0.53500,71.547,132.547,14.531,71.192,135.195,14.343
1107,368540039,22.88,-0.14250,1.06425,-0.35087,66.109,164.531,15.141,65.754,167.179,14.953
1108,368549804,22.92,0.46913,1.38800,-0.06575,-23.313,162.813,35.781,-23.668,165.460,35.593
1109,368560546,22.92,0.56637,1.55750,-0.58100,-44.859,154.531,102.078,-45.215,157.179,101.890
1110,368570312,22.90,-0.11313,1.13912,-0.99562,118.766,218.797,174.109,118.410,221.445,173.921
1111,368580078,22.90,-0.02225,0.67688,-0.35387,38.063,258.734,176.797,37.707,261.382,176.609
1112,368589843,22.88,0.21275,0.54200,0.21200,9.766,219.438,147.500,9.410,222.085,147.312
1113,368600585,22.88,0.14825,0.49062,0.26825,-47.953,165.344,105.234,-48.308,167.991,105.046
1114,368610351,22.88,0.05625,0.56000,0.13525,-112.000,121.813,70.938,-112.355,124.460,70.749
1115,368620117,22.88,0.20538,0.63650,0.13737,-86.859,90.188,63.672,-87.215,92.835,63.484
1116,368629882,22.90,0.33825,0.59213,0.15912,-77.984,54.578,53.719,-78.340,57.226,53.531
1117,368640625,22.86,0.33550,0.55675,0.04412,-70.609,27.016,9.031,-70.965,29.663,8.843
1118,368650390,22.86,0.35325,0.60013,-0.06650,-84.813,11.938,-5.125,-85.168,14.585,-5.313
1119,368660156,22.81,0.38762,0.66587,-0.08750,-72.391,-11.672,-10.078,-72.746,-9.024,-10.266
1120,368669921,22.81,0.41675,0.66887,0.01862,-53.609,-35.234,-25.203,-53.965,-32.587,-25.391
1121,368680664,22.89,0.40150,0.61838,0.09888,-70.875,-60.406,-50.016,-71.230,-57.759,-50.204
1122,368690429,22.89,0.39200,0.74375,0.03025,-79.016,-78.000,-70.906,-79.371,-75.352,-71.094
1123,368700195,22.87,0.35863,0.93625,-0.02125,-96.203,-96.953,-81.047,-96.558,-94.305,-81.235
1124,368709960,22.87,0.24325,1.04612,-0.10175,-75.375,-112.750,-73.766,-75.730,-110.102,-73.954
1125,368719726,22.88,0.15862,0.97313,-0.06750,-37.031,-118.313,-62.453,-37.386,-115.665,-62.641
1126,368731445,22.88,0.07500,0.87338,0.17550,-18.406,-129.531,-64.516,-18.761,-126.884,-64.704
1127,368740234,22.88,0.03988,0.90387,0.42675,-36.359,-161.141,-77.531,-36.715,-158.493,-77.719
1128,368750000,22.88,0.02888,0.98288,0.50475,-38.563,-203.969,-83.172,-38.918,-201.321,-83.360
1129,368759765,22.87,0.02775,0.99887,0.50025,-52.000,-247.750,-84.344,-52.355,-245.102,-84.532
1130,368770507,22.87,0.02875,0.98350,0.57075,-79.641,-292.438,-86.188,-79.996,-289.790,-86.376
1131,368780273,22.86,0.09475,0.97262,0.69388,-148.281,-343.875,-93.531,-148.636,-341.227,-93.719
1132,368790039,22.86,-0.12525,0.90175,0.65525,-199.109,-389.813,-103.438,-199.465,-387.165,-103.626
1133,368799804,22.88,-0.59175,0.92075,0.44025,-179.781,-434.125,-130.609,-180.136,-431.477,-130.797
1134,368810546,22.88,-0.71088,1.20875,0.15625,-193.391,-460.719,-150.000,-193.746,-458.071,-150.188
1135,368820312,22.84,-0.47387,1.57125,-0.17825,-173.750,-461.391,-138.984,-174.105,-458.743,-139.172
1136,368830078,22.84,-0.30212,1.74600,-0.53863,-155.484,-434.250,-95.859,-155.840,-431.602,-96.047
1137,368839843,22.88,-0.27387,1.71988,-0.83113,-141.813,-382.828,-44.625,-142.168,-380.180,-44.813
1138,368850585,22.86,-0.14963,1.60537,-0.96275,-125.547,-315.453,49.438,-125.902,-312.805,49.249
1139,368860351,22.86,-0.05450,1.39762,-0.98650,-112.688,-169.125,73.906,-113.043,-166.477,73.718
1140,368870117,22.88,-0.03238,1.16925,-0.74975,-100.500,-128.766,79.375,-100.855,-126.118,79.187
1141,368879882,22.88,-0.01413,1.01375,-0.25938,-108.906,-135.078,74.672,-109.261,-132.430,74.484
1142,368890625,22.83,0.02325,0.88187,-0.23813,-113.906,-131.563,65.453,-114.261,-128.915,65.265
1143,368900390,22.83,0.01625,0.95462,-0.37300,-96.953,-96.453,55.531,-97.308,-93.805,55.343
1144,368910156,22.86,0.03837,1.06462,-0.33075,-66.953,-53.328,57.484,-67.308,-50.680,57.296
1145,368919921,22.86,0.05900,1.12650,-0.05162,-24.547,-16.141,69.141,-24.902,-13.493,68.953
1146,368930664,22.87,0.04888,1.13125,0.27237,-18.125,-20.016,83.125,-18.480,-17.368,82.937
1147,368940429,22.87,0.06600,1.04525,0.23450,-36.688,-52.094,92.109,-37.043,-49.446,91.921
1148,368950195,22.86,0.08662,0.86475,-0.18100,-43.281,-79.516,92.188,-43.636,-76.868,91.999
1149,368959960,22.86,0.07888,0.65012,-0.68763,-11.031,-74.766,76.188,-11.386,-72.118,75.999
1150,368969726,22.90,0.06400,0.52250,-1.03137,34.250,-37.063,41.094,33.895,-34.415,40.906
1151,368980468,22.90,0.08150,0.53587,-1.23212,63.094,23.813,-1.375,62.739,26.460,-1.563
1152,368990234,22.85,0.13400,0.71537,-1.25275,99.984,105.188,-39.375,99.629,107.835,-39.563
1153,369000000,22.85,0.14713,0.99938,-1.02287,146.938,190.266,-52.953,146.582,192.913,-53.141
1154,369009765,22.88,0.05775,1.27225,-0.59562,202.766,261.906,-52.656,202.410,264.554,-52.844
1155,369020507,22.88,-0.06025,1.47113,-0.11288,255.313,300.938,-46.656,254.957,303.585,-46.844
1156,369030273,22.89,-0.14788,1.53200,0.25962,294.250,295.172,-35.906,293.895,297.820,-36.094
1157,369040039,22.89,-0.13337,1.44475,0.35563,322.109,250.438,-20.766,321.754,253.085,-20.954
1158,369049804,22.92,-0.03712,1.22250,0.13837,368.344,198.422,-6.031,367.989,201.070,-6.219
1159,369060546,22.86,0.04225,0.93488,-0.26787,383.813,156.063,-30.438,383.457,158.710,-30.626
1160,369070312,22.86,0.09237,0.71188,-0.72000,388.625,181.938,-63.125,388.270,184.585,-63.313
1161,369080078,22.87,0.10625,0.65263,-1.05262,412.219,229.016,-98.453,411.864,231.663,-98.641
1162,369089843,22.87,0.05987,0.79888,-1.12637,414.016,271.438,-117.594,413.660,274.085,-117.782
1163,369100585,22.86,-0.08438,1.34125,-0.71950,411.297,297.172,-111.328,410.942,299.820,-111.516
1164,369110351,22.86,-0.05312,1.39850,-0.55337,402.094,298.344,-84.344,401.739,300.991,-84.532
1165,369120117,22.87,-0.04788,1.26713,-0.52775,386.563,288.156,-59.391,386.207,290.804,-59.579
1166,369129882,22.87,-0.09675,1.13763,-0.48488,368.000,278.594,-50.422,367.645,281.241,-50.610
1167,369140625,22.88,-0.12625,1.10813,-0.30262,301.094,261.531,-45.781,300.739,264.179,-45.969
1168,369150390,22.88,-0.08050,1.07462,-0.09175,211.719,220.922,-32.063,211.364,223.570,-32.251
1169,369160156,22.92,0.05275,0.99062,-0.04975,132.984,165.500,-20.984,132.629,168.148,-21.172
1170,369170898,22.92,0.19987,0.89738,-0.30275,60.766,118.906,-16.656,60.410,121.554,-16.844
1171,369180664,22.84,0.25525,0.78475,-0.71875,4.641,109.938,-14.844,4.285,112.585,-15.032
1172,369190429,22.84,0.20613,0.69825,-0.96988,-33.000,139.516,-16.297,-33.355,142.163,-16.485
1173,369200195,22.91,0.12350,0.67863,-0.86638,-61.281,181.609,-18.531,-61.636,184.257,-18.719
1174,369209960,22.91,0.09538,0.71162,-0.43550,-89.844,201.953,-17.984,-90.199,204.601,-18.172
1175,369219726,22.89,0.11950,0.77375,-0.02113,-121.063,175.094,-13.891,-121.418,177.741,-14.079
1176,369230468,22.89,0.20137,0.84675,0.10375,-119.922,119.109,-7.391,-120.277,121.757,-7.579
1177,369240234,22.89,0.34663,0.81175,-0.07687,-149.000,66.875,10.906,-149.355,69.523,10.718
1178,369250000,22.87,0.43600,0.62100,-0.33487,-146.313,46.438,25.922,-146.668,49.085,25.734
1179,369259765,22.87,0.43112,0.47675,-0.39937,-127.422,42.578,17.531,-127.777,45.226,17.343
1180,369270507,22.90,0.37588,0.52987,-0.35237,-126.828,29.609,-12.781,-127.183,32.257,-12.969
1181,369280273,22.90,0.36750,0.69500,-0.31950,-92.031,17.266,-5.734,-92.386,19.913,-5.922
1182,369290039,22.84,0.39563,0.78025,-0.32438,-68.781,8.406,0.594,-69.136,11.054,0.406
1183,369299804,22.84,0.39450,0.75062,-0.34325,-55.063,7.641,0.328,-55.418,10.288,0.140
1184,369310546,22.86,0.36562,0.67450,-0.27175,-47.266,4.922,-4.203,-47.621,7.570,-4.391
1185,369320312,22.86,0.36538,0.67138,-0.22362,-45.078,-8.328,-9.188,-45.433,-5.680,-9.376
1186,369330078,22.86,0.36162,0.65563,-0.22625,-53.188,-23.609,-14.234,-53.543,-20.962,-14.422
1187,369339843,22.86,0.37400,0.65700,-0.23675,-73.594,-38.016,-25.203,-73.949,-35.368,-25.391
1188,369350585,22.89,0.38625,0.68363,-0.25375,-96.078,-53.141,-34.672,-96.433,-50.493,-34.860
1189,369360351,22.89,0.40863,0.69600,-0.31138,-100.250,-70.438,-39.609,-100.605,-67.790,-39.797
1190,369370117,22.88,0.37812,0.70488,-0.36175,-90.578,-82.984,-44.438,-90.933,-80.337,-44.626
1191,369379882,22.88,0.31388,0.74238,-0.29325,-81.484,-90.313,-52.734,-81.840,-87.665,-52.922
1192,369390625,22.89,0.25750,0.79712,-0.14788,-77.344,-101.953,-60.688,-77.699,-99.305,-60.876
1193,369400390,22.89,0.18663,0.83825,-0.00275,-79.500,-116.625,-67.922,-79.855,-113.977,-68.110
1194,369410156,22.86,0.15750,0.95537,0.41687,-101.609,-143.484,-69.266,-101.965,-140.837,-69.454
1195,369419921,22.86,0.06225,0.95112,0.56300,-138.953,-229.297,-60.172,-139.308,-226.649,-60.360
1196,369430664,22.88,-0.03275,0.74462,0.13275,-171.375,-270.203,-86.078,-171.730,-267.555,-86.266
1197,369440429,22.88,0.00112,0.79075,-0.01663,-217.688,-272.109,-125.234,-218.043,-269.462,-125.422
1198,369450195,22.86,0.03963,1.02862,0.12850,-249.656,-291.641,-139.656,-250.011,-288.993,-139.844
1199,369460937,22.84,-0.03012,1.10587,0.19625,-268.344,-330.609,-135.781,-268.699,-327.962,-135.969
1200,369469726,22.84,-0.13712,1.11575,0.19912,-281.813,-378.781,-140.203,-282.168,-376.134,-140.391
1201,369480468,22.83,-0.22362,1.13950,-0.03475,-252.750,-420.125,-145.078,-253.105,-417.477,-145.266
1202,369490234,22.83,-0.35275,1.17900,-0.52338,-157.266,-359.391,-133.250,-157.621,-356.743,-133.438
1203,369500000,22.87,-0.31450,1.28788,-0.74950,-74.953,-283.031,-101.063,-75.308,-280.384,-101.251
1204,369509765,22.87,-0.27787,1.34462,-0.46875,-46.672,-225.797,-70.203,-47.027,-223.149,-70.391
1205,369520507,22.86,-0.22337,1.33912,-0.05588,-24.375,-198.297,-31.750,-24.730,-195.649,-31.938
1206,369530273,22.86,-0.17500,1.21513,0.41837,-28.703,-211.484,1.703,-29.058,-208.837,1.515
1207,369540039,22.86,-0.13662,1.11213,0.54300,-100.672,-262.469,14.063,-101.027,-259.821,13.874
1208,369549804,22.86,-0.14675,1.14037,0.13700,-172.688,-301.063,18.531,-173.043,-298.415,18.343
1209,369560546,22.88,-0.18450,1.21075,-0.45275,-198.469,-297.594,29.141,-198.824,-294.946,28.953
1210,369570312,22.88,-0.23212,1.23313,-0.85425,-179.563,-250.781,44.125,-179.918,-248.134,43.937
1211,369580078,22.89,-0.23475,1.18625,-0.83813,-135.219,-182.969,59.234,-135.574,-180.321,59.046
1212,369589843,22.89,-0.19237,1.07462,-0.53025,-110.500,-136.516,65.313,-110.855,-133.868,65.124
1213,369600585,22.85,-0.16350,0.96437,-0.27725,-95.938,-120.047,61.375,-96.293,-117.399,61.187
1214,369610351,22.85,-0.06950,0.93725,-0.17513,-68.734,-107.156,53.234,-69.090,-104.509,53.046
1215,369620117,22.88,0.03012,1.00000,0.08313,-51.234,-76.844,54.063,-51.590,-74.196,53.874
1216,369629882,22.88,0.06825,1.10363,0.59362,-56.813,-72.078,63.188,-57.168,-69.430,62.999
1217,369640625,22.89,0.06275,1.18463,0.90612,-93.094,-113.109,77.438,-93.449,-110.462,77.249
1218,369650390,22.84,-0.01362,1.21037,0.73900,-129.328,-166.828,90.266,-129.683,-164.180,90.078
1219,369660156,22.84,-0.08400,1.20338,0.26212,-136.391,-194.734,99.750,-136.746,-192.087,99.562
1220,369669921,22.82,-0.07337,1.14900,-0.21263,-111.094,-184.688,112.813,-111.449,-182.040,112.624
1221,369680664,22.82,-0.04387,1.04850,-0.56675,-18.719,-93.016,106.141,-19.074,-90.368,105.953
1222,369690429,22.82,-0.05362,0.93050,-0.76387,39.000,-30.469,87.906,38.645,-27.821,87.718
1223,369700195,22.82,-0.04075,0.83700,-0.59662,81.797,25.203,64.484,81.442,27.851,64.296
1224,369709960,22.85,0.01850,0.82437,-0.29175,99.766,64.453,47.063,99.410,67.101,46.874
1225,369719726,22.85,0.09175,0.94863,0.05325,86.938,73.656,40.438,86.582,76.304,40.249
1226,369730468,22.85,0.16837,0.93088,0.19062,64.469,56.844,39.266,64.114,59.491,39.078
1227,369740234,22.85,0.19687,0.80925,0.00413,46.719,42.234,35.547,46.364,44.882,35.359
1228,369750000,22.85,0.22037,0.68775,-0.30412,45.344,54.531,21.375,44.989,57.179,21.187
1229,369759765,22.85,0.21887,0.65438,-0.56863,66.594,90.094,1.016,66.239,92.741,0.828
1230,369770507,22.86,0.15712,0.72100,-0.74050,106.031,140.750,-22.156,105.676,143.398,-22.344
1231,369780273,22.86,0.10988,0.86725,-0.87050,145.188,194.688,-40.516,144.832,197.335,-40.704
1232,369790039,22.86,-0.02775,1.00812,-0.95637,196.281,259.734,-50.875,195.926,262.382,-51.063
1233,369800781,22.86,-0.28600,1.14000,-0.84888,251.250,323.688,-66.750,250.895,326.335,-66.938
1234,369810546,22.87,-0.39425,1.34963,-0.60300,307.750,369.563,-88.344,307.395,372.210,-88.532
1235,369820312,22.87,-0.29712,1.54800,-0.49750,370.063,389.938,-95.875,369.707,392.585,-96.063
1236,369830078,22.84,-0.31400,1.50113,-0.70913,420.313,407.688,-89.094,419.957,410.335,-89.282
1237,369839843,22.84,-0.30175,1.46900,-0.89938,386.766,457.297,-103.219,386.410,459.945,-103.407
1238,369850585,22.84,-0.26737,1.73087,-0.80525,318.328,511.984,-94.984,317.973,514.632,-95.172
1239,369860351,22.85,-0.64600,1.91813,-0.45713,254.484,511.984,-47.047,254.129,514.632,-47.235
1240,369870117,22.85,-0.95112,1.87200,0.18075,219.203,511.984,43.031,218.848,514.632,42.843
1241,369879882,22.82,-0.45813,1.58750,0.82012,212.156,511.984,40.578,211.801,514.632,40.390
1242,369890625,22.82,-0.21825,1.08363,0.59100,153.188,331.563,1.156,152.832,334.210,0.968
1243,369901367,22.87,-0.39012,0.89838,0.36150,28.828,289.719,6.391,28.473,292.366,6.203
1244,369910156,22.87,-0.17625,1.12025,0.35713,-12.000,255.297,45.234,-12.355,257.945,45.046
1245,369919921,22.84,-0.05813,1.09025,0.42150,2.016,209.469,78.750,1.660,212.116,78.562
1246,369930664,22.84,0.07813,0.91500,0.39325,-20.938,143.453,89.313,-21.293,146.101,89.124
1247,369940429,22.88,0.24413,0.81912,0.16337,-5.281,79.156,87.547,-5.636,81.804,87.359
1248,369951171,22.88,0.33900,0.77987,-0.14213,3.797,47.891,84.266,3.442,50.538,84.078
1249,369959960,22.88,0.36362,0.76538,-0.22962,22.813,56.766,85.406,22.457,59.413,85.218
1250,369969726,22.88,0.30825,0.66338,0.02625,23.328,69.000,88.563,22.973,71.648,88.374
1251,369980468,22.88,0.21088,0.46037,0.35287,-17.609,48.516,71.547,-17.965,51.163,71.359
1252,369990234,22.88,0.17438,0.32238,0.43875,-74.031,3.875,31.953,-74.386,6.523,31.765
1253,370000000,22.84,0.19612,0.38625,0.25350,-131.438,-35.672,-16.438,-131.793,-33.024,-16.626
1254,370009765,22.84,0.24425,0.61925,-0.00887,-175.391,-52.875,-53.094,-175.746,-50.227,-53.282
1255,370020507,22.83,0.27963,0.84188,-0.12762,-196.453,-51.031,-67.313,-196.808,-48.384,-67.501
1256,370030273,22.83,0.31450,0.92825,-0.06750,-197.281,-47.406,-65.781,-197.636,-44.759,-65.969
1257,370040039,22.82,0.29200,0.85475,0.05950,-182.938,-53.766,-61.656,-183.293,-51.118,-61.844
1258,370049804,22.82,0.24488,0.72750,0.15987,-186.875,-68.375,-74.719,-187.230,-65.727,-74.907
1259,370060546,22.83,0.20350,0.71075,0.18063,-231.172,-83.875,-134.188,-231.527,-81.227,-134.376
1260,370070312,22.80,0.14550,0.79387,0.20062,-264.453,-98.313,-151.391,-264.808,-95.665,-151.579
1261,370080078,22.80,0.24263,0.86275,0.44438,-288.594,-113.031,-160.813,-288.949,-110.384,-161.001
1262,370089843,22.84,0.21750,0.87600,0.90638,-297.484,-260.406,-183.359,-297.840,-257.759,-183.547
1263,370100585,22.84,0.05800,0.87987,0.37438,-304.328,-286.359,-207.406,-304.683,-283.712,-207.594
1264,370110351,22.82,-0.01162,1.01025,0.34237,-264.625,-289.656,-205.734,-264.980,-287.009,-205.922
1265,370120117,22.82,-0.02937,1.39025,0.43150,-205.500,-306.141,-174.766,-205.855,-303.493,-174.954
1266,370129882,22.83,0.00313,1.34775,0.37412,-182.813,-331.313,-147.766,-183.168,-328.665,-147.954
1267,370140625,22.83,-0.06388,1.33950,0.25900,-150.000,-345.953,-128.156,-150.355,-343.305,-128.344
1268,370150390,22.84,-0.14788,1.38350,0.21725,-150.063,-351.281,-108.547,-150.418,-348.634,-108.735
1269,370160156,22.84,-0.16512,1.46263,0.09513,-195.250,-351.313,-91.109,-195.605,-348.665,-91.297
1270,370169921,22.82,-0.10138,1.51900,-0.13737,-203.063,-336.547,-63.828,-203.418,-333.899,-64.016
1271,370180664,22.82,-0.01963,1.49225,-0.37575,-188.063,-300.625,-29.516,-188.418,-297.977,-29.704
1272,370190429,22.80,0.05250,1.33100,-0.58125,-146.688,-242.438,11.250,-147.043,-239.790,11.062
1273,370200195,22.80,0.10837,1.06675,-0.52025,-106.984,-166.141,36.813,-107.340,-163.493,36.624
1274,370209960,22.80,0.19975,0.89187,-0.20087,-114.281,-107.188,40.063,-114.636,-104.540,39.874
1275,370219726,22.80,0.24750,0.83350,0.04813,-126.609,-73.344,38.969,-126.965,-70.696,38.781
1276,370230468,22.85,0.27900,0.84813,0.17363,-124.000,-50.625,38.938,-124.355,-47.977,38.749
1277,370241210,22.85,0.31775,0.92087,0.13987,-119.750,-35.406,47.000,-120.105,-32.759,46.812
1278,370250000,22.83,0.24700,1.01375,-0.10212,-89.531,-7.047,62.531,-89.886,-4.399,62.343
1279,370259765,22.83,0.11700,1.10587,-0.28913,-32.906,49.938,77.844,-33.261,52.585,77.656
1280,370270507,22.83,0.06087,1.14750,-0.24225,43.266,108.219,84.484,42.910,110.866,84.296
1281,370280273,22.80,0.07250,1.21012,-0.13975,107.797,147.031,84.438,107.442,149.679,84.249
1282,370291015,22.80,0.07350,1.42925,-0.16200,151.234,218.719,114.188,150.879,221.366,113.999
1283,370299804,22.82,0.04800,1.75200,-0.22200,222.016,265.266,176.813,221.660,267.913,176.624
1284,370310546,22.82,0.03000,1.88775,-0.01175,406.984,308.531,245.969,406.629,311.179,245.781
1285,370320312,22.81,-0.01525,1.67450,0.33250,468.172,350.156,301.422,467.817,352.804,301.234
1286,370330078,22.81,-0.11425,1.38425,0.89325,455.203,351.703,332.969,454.848,354.351,332.781
1287,370340820,22.81,-0.17162,0.99638,1.43825,374.516,295.844,340.922,374.160,298.491,340.734
1288,370350585,22.81,0.00075,0.71175,1.53350,260.500,187.484,309.484,260.145,190.132,309.296
1289,370360351,22.84,0.26362,0.60850,1.08512,224.563,81.125,272.906,224.207,83.773,272.718
1290,370370117,22.84,0.35537,0.60225,0.44725,182.250,25.313,230.906,181.895,27.960,230.718
1291,370379882,22.84,0.39000,0.74875,0.00487,158.938,26.719,196.719,158.582,29.366,196.531
1292,370390625,22.84,0.40787,0.88625,0.07587,151.094,48.906,185.078,150.739,51.554,184.890
1293,370400390,22.82,0.41425,0.92263,0.34250,114.188,55.109,190.500,113.832,57.757,190.312
1294,370410156,22.82,0.36325,0.82450,0.44438,86.250,52.234,205.000,85.895,54.882,204.812
1295,370419921,22.82,0.33800,0.59788,0.40713,81.609,37.391,201.500,81.254,40.038,201.312
1296,370430664,22.82,0.41600,0.45837,0.32238,80.656,12.938,169.906,80.301,15.585,169.718
1297,370440429,22.82,0.50700,0.53575,0.11363,54.828,0.422,140.313,54.473,3.070,140.124
1298,370450195,22.82,0.57700,0.64175,-0.08488,36.125,15.906,133.172,35.770,18.554,132.984
1299,370459960,22.82,0.62000,0.53687,0.03513,48.984,23.531,136.531,48.629,26.179,136.343
1300,370469726,22.82,0.63075,0.37062,0.17288,48.766,4.391,120.344,48.410,7.038,120.156
1301,370480468,22.82,0.65338,0.34587,0.05875,36.203,-17.344,68.656,35.848,-14.696,68.468
1302,370490234,22.82,0.69075,0.45975,-0.07037,26.938,-13.828,61.938,26.582,-11.180,61.749
1303,370500000,22.82,0.71462,0.60350,-0.02400,44.828,-24.016,68.188,44.473,-21.368,67.999
1304,370509765,22.84,0.68263,0.54087,0.07737,84.281,-37.047,55.375,83.926,-34.399,55.187
1305,370520507,22.84,0.63650,0.18000,-0.02500,59.359,-40.094,15.500,59.004,-37.446,15.312
1306,370530273,22.84,0.68488,0.28925,-0.04138,32.266,-36.625,-20.594,31.910,-33.977,-20.782
1307,370540039,22.84,0.68063,0.37750,0.02350,24.063,-39.828,-37.625,23.707,-37.180,-37.813
1308,370549804,22.82,0.64200,0.36212,0.08525,26.063,-50.578,-53.375,25.707,-47.930,-53.563
1309,370560546,22.82,0.61550,0.36100,0.15787,18.844,-60.203,-71.047,18.489,-57.555,-71.235
1310,370570312,22.86,0.60262,0.38350,0.16537,2.188,-73.234,-86.922,1.832,-70.587,-87.110
1311,370580078,22.86,0.54725,0.37800,0.10712,-14.438,-77.203,-103.719,-14.793,-74.555,-103.907
1312,370589843,22.84,0.48800,0.35625,0.14975,-39.875,-71.266,-124.781,-40.230,-68.618,-124.969
1313,370600585,22.84,0.47950,0.42050,0.18950,-115.750,-70.984,-163.563,-116.105,-68.337,-163.751
1314,370610351,22.84,0.46087,0.66475,0.05850,-199.234,-74.172,-208.297,-199.590,-71.524,-208.485
1315,370620117,22.84,0.49400,0.97888,-0.09400,-219.063,-70.109,-229.938,-219.418,-67.462,-230.126
1316,370630859,22.84,0.59988,1.14962,-0.11925,-213.813,-65.188,-220.625,-214.168,-62.540,-220.813
1317,370640625,22.84,0.63413,1.13037,-0.04525,-195.719,-66.234,-198.141,-196.074,-63.587,-198.329
1318,370650390,22.85,0.62375,1.04250,0.04850,-184.438,-78.625,-180.891,-184.793,-75.977,-181.079
1319,370660156,22.85,0.54275,0.98162,0.09137,-185.953,-97.453,-172.781,-186.308,-94.805,-172.969
1320,370669921,22.80,0.45875,1.00863,0.05337,-190.641,-113.953,-173.797,-190.996,-111.305,-173.985
1321,370680664,22.82,0.48500,1.10975,-0.05675,-209.297,-111.359,-160.031,-209.652,-108.712,-160.219
1322,370690429,22.82,0.48375,1.19263,-0.23050,-203.844,-75.984,-131.672,-204.199,-73.337,-131.860
1323,370700195,22.79,0.44850,1.21162,-0.29013,-136.297,-44.172,-103.953,-136.652,-41.524,-104.141
1324,370709960,22.79,0.41987,1.15162,-0.14375,-67.188,-32.828,-85.781,-67.543,-30.180,-85.969
1325,370719726,22.84,0.33450,1.02113,0.02587,-43.078,-34.391,-84.828,-43.433,-31.743,-85.016
1326,370730468,22.84,0.23763,0.99413,0.28237,-73.047,-44.625,-91.984,-73.402,-41.977,-92.172
1327,370740234,22.78,0.22275,1.11763,0.33937,-89.391,-55.859,-87.219,-89.746,-53.212,-87.407
1328,370750000,22.78,0.28837,1.13138,0.40350,-94.703,-65.016,-64.219,-95.058,-62.368,-64.407
1329,370759765,22.82,0.31762,0.97800,0.34050,-112.969,-75.313,-42.984,-113.324,-72.665,-43.172
1330,370770507,22.82,0.29525,0.84850,0.12625,-117.703,-80.000,-42.828,-118.058,-77.352,-43.016
1331,370780273,22.84,0.29975,0.89538,-0.09488,-102.344,-70.938,-49.203,-102.699,-68.290,-49.391
1332,370790039,22.84,0.32100,1.04775,-0.20125,-59.656,-50.484,-45.453,-60.011,-47.837,-45.641
1333,370799804,22.80,0.35363,1.13375,-0.27375,-20.375,-37.203,-27.422,-20.730,-34.555,-27.610
1334,370810546,22.80,0.41325,1.05763,-0.42812,41.813,-27.906,-6.234,41.457,-25.259,-6.422
1335,370820312,22.82,0.51238,0.89400,-0.61662,135.156,-13.063,5.984,134.801,-10.415,5.796
1336,370830078,22.82,0.52825,0.75938,-0.67788,283.406,17.234,7.844,283.051,19.882,7.656
1337,370839843,22.87,0.43925,0.75262,-0.43275,366.297,61.547,-9.594,365.942,64.195,-9.782
1338,370850585,22.87,0.29862,0.91087,-0.04938,299.531,101.500,-37.219,299.176,104.148,-37.407
1339,370860351,22.78,0.12962,1.17575,0.10250,187.859,120.766,-56.297,187.504,123.413,-56.485
1340,370870117,22.78,0.03963,1.43925,-0.14188,136.453,121.891,-52.438,136.098,124.538,-52.626
1341,370879882,22.76,0.14400,1.69950,-0.43162,139.672,140.781,-29.375,139.317,143.429,-29.563
1342,370890625,22.84,0.29463,1.99825,-0.68488,24.156,197.125,107.750,23.801,199.773,107.562
1343,370900390,22.84,0.23137,1.95487,-0.94375,292.359,241.922,141.484,292.004,244.570,141.296
1344,370910156,22.80,0.23400,1.68613,-0.96525,248.469,304.438,161.469,248.114,307.085,161.281
1345,370919921,22.80,0.22112,1.69675,-0.65975,251.625,339.313,201.359,251.270,341.960,201.171
1346,370930664,22.82,-0.07537,1.31100,0.78538,133.750,302.656,212.063,133.395,305.304,211.874
1347,370940429,22.82,0.18500,0.83275,0.53687,148.734,208.375,214.234,148.379,211.023,214.046
1348,370950195,22.83,0.15750,0.64575,0.35837,21.422,188.859,181.734,21.067,191.507,181.546
1349,370959960,22.83,0.00162,0.90463,0.57688,-65.094,172.078,165.266,-65.449,174.726,165.078
1350,370969726,22.86,0.06212,1.09800,0.76025,-25.625,120.172,184.141,-25.980,122.820,183.953
1351,370980468,22.86,0.18188,1.02975,0.68850,14.297,62.547,213.594,13.942,65.195,213.406
1352,370990234,22.80,0.21275,0.73213,0.38638,35.500,34.094,230.688,35.145,36.741,230.499
1353,371000000,22.80,0.23875,0.38000,0.14475,46.391,33.922,215.125,46.035,36.570,214.937
1354,371009765,22.81,0.39363,0.13487,0.14113,65.047,36.219,179.094,64.692,38.866,178.906
1355,371020507,22.81,0.48275,0.00200,0.25562,53.922,26.281,133.125,53.567,28.929,132.937
1356,371030273,22.84,0.46437,0.01238,0.28913,39.266,7.438,87.297,38.910,10.085,87.109
1357,371040039,22.84,0.47587,0.12975,0.27700,34.125,-10.516,57.156,33.770,-7.868,56.968
1358,371049804,22.79,0.51838,0.18000,0.26963,40.844,-32.203,36.938,40.489,-29.555,36.749
1359,371060546,22.79,0.59225,0.15825,0.16487,18.328,-53.922,5.797,17.973,-51.274,5.609
1360,371071289,22.84,0.64925,0.20925,-0.01013,-14.031,-63.156,-30.516,-14.386,-60.509,-30.704
1361,371080078,22.80,0.65187,0.28287,-0.09438,-34.422,-65.672,-59.547,-34.777,-63.024,-59.735
1362,371089843,22.80,0.63313,0.30800,-0.03575,-42.297,-70.391,-89.078,-42.652,-67.743,-89.266
1363,371100585,22.76,0.56337,0.37825,-0.02287,-99.781,-83.547,-163.734,-100.136,-80.899,-163.922
1364,371110351,22.76,0.51150,0.47287,-0.05987,-132.313,-77.109,-193.438,-132.668,-74.462,-193.626
1365,371120117,22.77,0.58713,0.48812,0.13125,-155.109,-74.672,-217.313,-155.465,-72.024,-217.501
1366,371129882,22.77,0.66200,0.53487,0.12837,-172.656,-95.359,-237.016,-173.011,-92.712,-237.204
1367,371140625,22.80,0.56900,0.97600,-0.16225,-195.734,-107.469,-250.969,-196.090,-104.821,-251.157
1368,371150390,22.80,0.54837,1.25087,-0.36438,-188.516,-97.078,-243.844,-188.871,-94.430,-244.032
1369,371160156,22.80,0.53938,1.30250,-0.35725,-182.703,-84.250,-217.438,-183.058,-81.602,-217.626
1370,371169921,22.80,0.50700,1.12538,-0.26887,-167.391,-74.953,-191.141,-167.746,-72.305,-191.329
1371,371180664,22.84,0.41925,0.91638,-0.04925,-156.563,-66.453,-179.703,-156.918,-63.805,-179.891
1372,371190429,22.84,0.32762,0.84225,0.24413,-176.281,-70.141,-184.922,-176.636,-67.493,-185.110
1373,371200195,22.86,0.25625,0.92325,0.30925,-214.656,-87.609,-193.750,-215.011,-84.962,-193.938
1374,371209960,22.86,0.24063,1.02025,0.18063,-244.031,-91.688,-192.391,-244.386,-89.040,-192.579
1375,371219726,22.84,0.22187,1.06763,0.07750,-266.672,-83.109,-186.984,-267.027,-80.462,-187.172
1376,371230468,22.84,0.19825,1.15688,0.04688,-239.734,-71.813,-180.375,-240.090,-69.165,-180.563
1377,371240234,22.86,0.28563,1.19938,0.08875,-202.859,-64.141,-155.984,-203.215,-61.493,-156.172
1378,371250000,22.86,0.29650,1.08537,0.11975,-151.797,-60.531,-127.891,-152.152,-57.884,-128.079
1379,371259765,22.82,0.19725,0.97375,0.25462,-100.344,-58.203,-117.359,-100.699,-55.555,-117.547
1380,371270507,22.81,0.10712,0.94563,0.43462,-109.172,-75.563,-121.922,-109.527,-72.915,-122.110
1381,371280273,22.81,-0.03238,1.04913,0.40987,-114.609,-98.563,-134.172,-114.965,-95.915,-134.360
1382,371290039,22.81,-0.09388,1.20975,0.32450,-93.500,-106.000,-112.641,-93.855,-103.352,-112.829
1383,371299804,22.81,-0.07000,0.93763,0.33687,-87.563,-102.313,-149.891,-87.918,-99.665,-150.079
1384,371310546,22.82,-0.01325,0.75813,0.42188,-141.188,-97.813,-152.531,-141.543,-95.165,-152.719
1385,371320312,22.82,0.10725,1.07587,0.32425,-155.313,-99.000,-115.797,-155.668,-96.352,-115.985
1386,371330078,22.78,0.12125,1.12413,0.24788,-119.016,-86.188,-94.203,-119.371,-83.540,-94.391
1387,371339843,22.78,0.05700,1.03975,0.27713,-97.656,-68.063,-70.156,-98.011,-65.415,-70.344
1388,371350585,22.80,-0.09750,0.90925,0.38038,-66.844,-42.969,-57.844,-67.199,-40.321,-58.032
1389,371361328,22.80,-0.06000,0.87325,0.49512,-72.281,-25.828,-52.344,-72.636,-23.180,-52.532
1390,371370117,22.82,0.09613,0.91863,0.32625,-95.781,-18.969,-43.844,-96.136,-16.321,-44.032
1391,371379882,22.82,0.15150,0.96113,0.11850,-26.844,-7.250,-19.109,-27.199,-4.602,-19.297
1392,371390625,22.79,0.11500,0.93225,0.26975,48.328,4.938,-6.797,47.973,7.585,-6.985
1393,371400390,22.79,0.11962,0.97600,0.56512,95.766,-17.781,1.031,95.410,-15.134,0.843
1394,371410156,22.81,0.12050,1.08075,0.51350,82.438,-52.250,19.953,82.082,-49.602,19.765
1395,371419921,22.81,0.10000,1.05800,0.24050,92.172,-54.188,43.188,91.817,-51.540,42.999
1396,371430664,22.80,0.05425,0.89038,0.10612,96.266,-21.344,49.313,95.910,-18.696,49.124
1397,371440429,22.80,0.05325,0.78387,0.19912,101.688,21.281,30.188,101.332,23.929,29.999
1398,371450195,22.82,0.09200,0.83575,0.34525,97.969,38.531,11.781,97.614,41.179,11.593
1399,371459960,22.82,0.15225,0.93650,0.27150,102.859,46.125,7.172,102.504,48.773,6.984
1400,371469726,22.79,0.17300,1.00125,0.05962,124.781,74.844,14.250,124.426,77.491,14.062
1401,371480468,22.79,0.12850,1.03950,-0.06738,137.547,120.547,18.656,137.192,123.195,18.468
1402,371490234,22.79,0.08325,1.04000,-0.09137,115.750,150.641,8.484,115.395,153.288,8.296
1403,371500000,22.84,0.03062,0.95488,-0.18950,75.406,156.688,-11.531,75.051,159.335,-11.719
1404,371509765,22.84,-0.01000,0.89013,-0.38050,95.375,136.922,-31.625,95.020,139.570,-31.813
1405,371520507,22.79,0.01050,0.96213,-0.98150,185.359,157.328,-40.625,185.004,159.976,-40.813
1406,371530273,22.79,0.06563,1.12488,-1.19725,254.594,217.500,-34.594,254.239,220.148,-34.782
1407,371540039,22.79,0.04938,1.49950,-1.14625,342.984,295.203,-16.453,342.629,297.851,-16.641
1408,371549804,22.79,-0.04763,1.70975,-0.82200,416.094,359.859,11.719,415.739,362.507,11.531
1409,371560546,22.82,-0.26837,1.82725,-0.29712,433.219,395.125,45.172,432.864,397.773,44.984
1410,371570312,22.82,-0.22900,1.83800,0.26275,384.453,387.234,83.984,384.098,389.882,83.796
1411,371580078,22.81,-0.15588,1.73838,0.60750,300.750,344.188,123.000,300.395,346.835,122.812
1412,371589843,22.81,-0.22112,1.53262,0.57712,252.859,282.594,160.297,252.504,285.241,160.109
1413,371600585,22.84,-0.24563,1.18950,0.27850,261.516,226.500,171.047,261.160,229.148,170.859
1414,371610351,22.84,-0.22225,0.92263,-0.07350,181.813,204.219,141.109,181.457,206.866,140.921
1415,371620117,22.81,-0.20413,0.94512,-0.22850,117.500,206.000,105.109,117.145,208.648,104.921
1416,371629882,22.81,-0.15875,1.14925,-0.10675,66.547,205.375,88.063,66.192,208.023,87.874
1417,371640625,22.81,-0.11862,1.34950,-0.02562,55.859,179.781,98.609,55.504,182.429,98.421
1418,371650390,22.81,-0.05850,1.39950,-0.06763,49.563,162.156,128.938,49.207,164.804,128.749
1419,371660156,22.79,-0.02888,1.26412,-0.06325,64.484,151.547,161.281,64.129,154.195,161.093
1420,371669921,22.79,-0.02088,1.01212,0.00300,65.453,143.797,172.328,65.098,146.445,172.140
1421,371680664,22.82,-0.00650,0.77112,0.05175,28.859,138.000,153.969,28.504,140.648,153.781
1422,371690429,22.84,0.03612,0.67850,0.12975,6.531,134.313,101.500,6.176,136.960,101.312
1423,371700195,22.84,0.10925,0.67463,0.25800,10.781,114.016,83.844,10.426,116.663,83.656
1424,371709960,22.79,0.17413,0.61113,0.31350,20.250,42.156,59.109,19.895,44.804,58.921
1425,371719726,22.79,0.23775,0.52525,0.24838,17.453,10.125,32.078,17.098,12.773,31.890
1426,371730468,22.80,0.28800,0.50962,0.10938,12.375,-16.859,12.859,12.020,-14.212,12.671
1427,371740234,22.80,0.28137,0.58425,0.20100,30.172,-49.438,2.359,29.817,-46.790,2.171
1428,371750000,22.82,0.24875,0.57150,0.38862,57.109,-94.313,-5.234,56.754,-91.665,-5.422
1429,371759765,22.82,0.10450,0.52063,0.53125,50.922,-158.109,-24.266,50.567,-155.462,-24.454
1430,371770507,22.80,0.00600,0.52850,0.48538,10.438,-232.203,-59.266,10.082,-229.555,-59.454
1431,371780273,22.80,-0.09563,0.61687,0.28350,-50.172,-299.375,-103.594,-50.527,-296.727,-103.782
1432,371790039,22.83,-0.16625,0.76887,0.08238,-104.125,-343.547,-147.594,-104.480,-340.899,-147.782
1433,371800781,22.83,-0.18050,1.03025,-0.05937,-196.906,-354.797,-179.531,-197.261,-352.149,-179.719
1434,371810546,22.80,-0.18450,1.28550,-0.03413,-232.344,-352.203,-181.578,-232.699,-349.555,-181.766
1435,371820312,22.80,-0.14475,1.38150,0.08050,-258.375,-357.500,-166.344,-258.730,-354.852,-166.532
1436,371830078,22.84,-0.08200,1.40037,0.07712,-256.875,-365.609,-150.031,-257.230,-362.962,-150.219
1437,371839843,22.84,-0.08762,1.32088,0.21663,-217.422,-382.906,-135.094,-217.777,-380.259,-135.282
1438,371851562,22.82,-0.13225,1.31500,0.07600,-292.625,-426.906,-134.359,-292.980,-424.259,-134.547
1439,371860351,22.82,-0.08163,1.51263,-0.53812,-309.500,-432.641,-118.266,-309.855,-429.993,-118.454
1440,371870117,22.78,0.02987,1.59013,-1.03687,-265.281,-392.281,-69.063,-265.636,-389.634,-69.251
1441,371879882,22.78,0.10125,1.35013,-1.27238,-183.359,-320.266,-11.609,-183.715,-317.618,-11.797
1442,371890625,22.79,0.14600,0.93625,-1.11213,-114.781,-234.922,12.297,-115.136,-232.274,12.109
1443,371900390,22.82,0.14400,0.63400,-0.72088,-99.703,-181.125,-18.188,-100.058,-178.477,-18.376
1444,371910156,22.82,0.07000,0.63700,-0.51775,-105.594,-123.141,-37.031,-105.949,-120.493,-37.219
1445,371919921,22.80,0.01213,0.86362,-0.43662,-78.656,-91.047,-36.313,-79.011,-88.399,-36.501
1446,371930664,22.80,-0.06888,1.06537,0.14675,-18.328,-83.281,-31.844,-18.683,-80.634,-32.032
1447,371940429,22.80,-0.17112,1.26788,0.38162,-16.453,-97.891,-28.781,-16.808,-95.243,-28.969
1448,371950195,22.80,-0.18600,1.26625,0.27887,-33.984,-128.641,-18.203,-34.340,-125.993,-18.391
1449,371959960,22.81,-0.07537,1.19225,-0.14250,-32.266,-135.391,-5.953,-32.621,-132.743,-6.141
1450,371969726,22.81,-0.03812,1.07550,-0.52363,-8.469,-106.141,2.891,-8.824,-103.493,2.703
1451,371980468,22.82,0.01125,0.95825,-0.65750,15.078,-57.359,6.016,14.723,-54.712,5.828
1452,371990234,22.82,0.03425,0.86213,-0.54900,38.328,-9.375,4.063,37.973,-6.727,3.874
1453,372000000,22.75,0.03325,0.84262,-0.31188,59.172,25.688,-4.469,58.817,28.335,-4.657
1454,372009765,22.75,0.02488,0.91763,-0.11275,75.297,44.938,-12.125,74.942,47.585,-12.313
1455,372020507,22.81,0.04013,1.00100,-0.11325,75.688,53.953,-14.016,75.332,56.601,-14.204
1456,372030273,22.81,0.04888,1.01700,-0.32813,84.891,68.922,-9.422,84.535,71.570,-9.610
1457,372040039,22.81,0.02700,0.95550,-0.61000,107.750,95.906,-5.875,107.395,98.554,-6.063
1458,372049804,22.81,0.00162,0.89500,-0.90525,135.859,135.875,-13.844,135.504,138.523,-14.032
1459,372060546,22.82,-0.04625,0.91225,-1.14837,184.609,196.188,-30.906,184.254,198.835,-31.094
1460,372070312,22.82,-0.11488,0.96737,-1.18962,239.250,264.594,-43.297,238.895,267.241,-43.485
1461,372080078,22.80,-0.17413,1.03163,-1.02650,276.625,320.453,-50.031,276.270,323.101,-50.219
1462,372089843,22.80,-0.17338,1.11613,-0.77187,285.063,354.188,-49.688,284.707,356.835,-49.876
1463,372100585,22.77,-0.14788,1.20200,-0.56625,263.000,361.406,-28.266,262.645,364.054,-28.454
1464,372110351,22.79,-0.12187,1.29775,-0.51575,234.344,359.078,-6.953,233.989,361.726,-7.141
1465,372120117,22.79,-0.08275,1.38950,-0.67087,189.547,393.031,24.672,189.192,395.679,24.484
1466,372129882,22.80,-0.14588,1.45637,-0.79775,149.453,426.672,56.813,149.098,429.320,56.624
1467,372140625,22.80,-0.28187,1.59587,-0.28625,152.828,425.047,102.641,152.473,427.695,102.453
1468,372150390,22.77,-0.31262,1.47225,0.24013,170.641,398.328,146.688,170.285,400.976,146.499
1469,372160156,22.77,-0.23900,1.22725,0.62813,108.344,321.406,171.875,107.989,324.054,171.687
1470,372169921,22.80,-0.14750,0.92312,0.54925,103.891,226.578,189.563,103.535,229.226,189.374
1471,372180664,22.80,-0.09362,0.62000,0.37950,79.250,160.125,176.750,78.895,162.773,176.562
1472,372190429,22.79,-0.03612,0.39150,0.13162,13.750,99.953,131.047,13.395,102.601,130.859
1473,372200195,22.79,-0.01312,0.38962,-0.21350,-67.172,70.203,60.813,-67.527,72.851,60.624
1474,372209960,22.82,0.01550,0.67550,-0.55675,-102.969,71.906,0.141,-103.324,74.554,-0.047
1475,372219726,22.82,0.17800,1.06825,-0.79712,-100.688,105.578,-10.563,-101.043,108.226,-10.751
1476,372230468,22.81,0.31425,1.26550,-0.67012,-32.484,146.391,36.063,-32.840,149.038,35.874
1477,372241210,22.81,0.33663,1.06725,-0.20800,37.125,154.750,83.000,36.770,157.398,82.812
1478,372250000,22.77,0.34463,0.71088,0.13962,28.781,122.188,89.422,28.426,124.835,89.234
1479,372259765,22.77,0.37912,0.53138,0.12662,-4.234,79.453,61.125,-4.590,82.101,60.937
1480,372270507,22.79,0.44000,0.58175,-0.04250,-29.063,51.688,32.953,-29.418,54.335,32.765
1481,372280273,22.79,0.47637,0.70125,-0.14150,-32.516,36.109,19.531,-32.871,38.757,19.343
1482,372290039,22.80,0.45650,0.78687,-0.20838,-30.625,23.234,11.875,-30.980,25.882,11.687
1483,372299804,22.75,0.44338,0.81175,-0.30462,-25.547,16.000,9.125,-25.902,18.648,8.937
1484,372310546,22.75,0.45487,0.75287,-0.29137,-14.641,6.094,1.125,-14.996,8.741,0.937
1485,372320312,22.81,0.43338,0.66387,-0.18650,-11.828,-7.375,-12.781,-12.183,-4.727,-12.969
1486,372330078,22.81,0.38512,0.63750,-0.11925,-32.906,-23.531,-25.109,-33.261,-20.884,-25.297
1487,372339843,22.81,0.35187,0.66812,-0.06888,-44.344,-43.750,-32.844,-44.699,-41.102,-33.032
1488,372350585,22.81,0.31750,0.64387,0.06550,-55.672,-67.953,-45.031,-56.027,-65.305,-45.219
1489,372360351,22.77,0.17888,0.59262,0.09788,-74.516,-95.938,-66.063,-74.871,-93.290,-66.251
1490,372370117,22.77,0.09150,0.54600,0.14225,-90.016,-123.578,-94.656,-90.371,-120.930,-94.844
1491,372379882,22.78,0.03850,0.52412,0.24425,-108.406,-156.422,-128.578,-108.761,-153.774,-128.766
1492,372390625,22.78,-0.04600,0.55163,0.35450,-124.391,-196.578,-167.234,-124.746,-193.930,-167.422
1493,372400390,22.80,-0.21900,0.60662,0.44262,-143.344,-242.438,-209.000,-143.699,-239.790,-209.188
1494,372410156,22.80,-0.34663,0.68688,0.47875,-172.703,-292.547,-256.172,-173.058,-289.899,-256.360
1495,372419921,22.78,-0.38925,0.87787,0.41313,-228.250,-339.797,-303.875,-228.605,-337.149,-304.063
1496,372430664,22.78,-0.34613,1.22212,0.22912,-265.625,-371.891,-325.500,-265.980,-369.243,-325.688
1497,372440429,22.77,-0.25675,1.53400,-0.03850,-246.141,-386.734,-305.578,-246.496,-384.087,-305.766
1498,372450195,22.77,-0.13350,1.65912,-0.25812,-225.766,-378.547,-258.125,-226.121,-375.899,-258.313
1499,372459960,22.79,-0.01975,1.62888,-0.33163,-211.313,-359.875,-197.766,-211.668,-357.227,-197.954
1500,372469726,22.79,-0.00525,1.50612,-0.41287,-175.500,-347.484,-148.000,-175.855,-344.837,-148.188
1501,372480468,22.81,-0.00813,1.33912,-0.52712,-145.844,-327.344,-109.719,-146.199,-324.696,-109.907
1502,372490234,22.81,-0.05112,1.15938,-0.46000,-128.391,-300.016,-84.641,-128.746,-297.368,-84.829
1503,372500000,22.86,-0.10425,1.07313,-0.27213,-126.672,-281.938,-78.938,-127.027,-279.290,-79.126
1504,372509765,22.76,-0.16987,1.08662,-0.15762,-131.953,-267.344,-74.281,-132.308,-264.696,-74.469
1505,372520507,22.76,-0.27637,1.11200,-0.02450,-119.016,-224.672,-56.188,-119.371,-222.024,-56.376
1506,372530273,22.75,-0.33500,1.13987,0.22712,-138.234,-219.734,-46.828,-138.590,-217.087,-47.016
1507,372540039,22.75,-0.34387,1.17312,0.35250,-113.984,-216.328,-35.000,-114.340,-213.680,-35.188
1508,372549804,22.77,-0.32312,1.15138,0.03037,-77.969,-199.766,-29.906,-78.324,-197.118,-30.094
1509,372560546,22.77,-0.29500,1.13450,-0.13200,-46.766,-176.766,-29.750,-47.121,-174.118,-29.938
1510,372570312,22.80,-0.23650,1.16300,-0.25162,-45.750,-158.641,-20.547,-46.105,-155.993,-20.735
1511,372581054,22.80,-0.19037,1.06675,-0.40425,-46.250,-133.484,-8.766,-46.605,-130.837,-8.954
1512,372589843,22.80,-0.16337,0.90150,-0.39075,-27.266,-88.203,-4.797,-27.621,-85.555,-4.985
1513,372600585,22.80,-0.13025,0.80825,-0.09938,-5.953,-47.281,-11.844,-6.308,-44.634,-12.032
1514,372610351,22.77,-0.12025,0.79663,0.24775,6.578,-36.547,-18.797,6.223,-33.899,-18.985
1515,372620117,22.77,-0.14738,0.84237,0.35325,3.688,-50.656,-27.938,3.332,-48.009,-28.126
1516,372629882,22.81,-0.15163,0.94125,0.24075,5.859,-58.281,-31.188,5.504,-55.634,-31.376
1517,372640625,22.81,-0.14525,1.01513,0.09375,8.016,-55.500,-26.453,7.660,-52.852,-26.641
1518,372650390,22.76,-0.16500,1.04713,-0.06788,7.641,-45.156,-19.641,7.285,-42.509,-19.829
1519,372660156,22.76,-0.18175,1.04525,-0.16725,16.313,-23.578,-12.594,15.957,-20.930,-12.782
1520,372669921,22.78,-0.18550,1.05187,-0.19262,23.125,0.984,-10.172,22.770,3.632,-10.360
1521,372680664,22.78,-0.20563,1.13738,-0.23362,29.344,30.203,-8.766,28.989,32.851,-8.954
1522,372690429,22.75,-0.20963,1.27350,-0.29525,40.859,67.375,-0.141,40.504,70.023,-0.329
1523,372700195,22.82,-0.18000,1.32888,-0.36300,54.094,108.453,19.547,53.739,111.101,19.359
1524,372709960,22.82,-0.15438,1.22425,-0.45050,52.844,145.625,40.531,52.489,148.273,40.343
1525,372719726,22.80,-0.12375,1.04113,-0.56325,50.609,178.172,45.828,50.254,180.820,45.640
1526,372730468,22.80,-0.14188,0.95212,-0.69888,96.625,272.984,41.031,96.270,275.632,40.843
1527,372740234,22.75,-0.27025,1.05838,-0.74375,128.531,333.031,48.391,128.176,335.679,48.203
1528,372750000,22.75,-0.40000,1.32150,-0.16037,139.828,364.859,81.703,139.473,367.507,81.515
1529,372759765,22.75,-0.46275,1.52262,0.14288,136.125,365.625,124.781,135.770,368.273,124.593
1530,372770507,22.75,-0.34775,1.34450,0.30375,113.797,342.844,157.359,113.442,345.491,157.171
1531,372780273,22.79,-0.21100,1.22375,0.21400,67.875,314.313,175.016,67.520,316.960,174.828
1532,372790039,22.79,-0.08825,1.20388,-0.00525,22.156,295.766,189.500,21.801,298.413,189.312
1533,372799804,22.80,0.01775,1.26188,-0.11450,-6.469,280.703,209.141,-6.824,283.351,208.953
1534,372810546,22.80,0.05450,1.35550,-0.05937,-49.391,251.141,223.078,-49.746,253.788,222.890
1535,372820312,22.77,-0.02975,1.50012,-0.01413,-115.359,198.688,231.766,-115.715,201.335,231.578
1536,372830078,22.77,-0.25462,1.63888,0.03313,-120.859,155.859,248.359,-121.215,158.507,248.171
1537,372839843,22.75,-0.41187,1.58537,0.26488,-90.906,134.641,273.672,-91.261,137.288,273.484
1538,372850585,22.75,-0.39713,1.36312,0.72425,-116.641,117.656,295.781,-116.996,120.304,295.593
1539,372860351,22.79,-0.37250,1.04525,1.13500,-183.438,67.047,310.578,-183.793,69.695,310.390
1540,372870117,22.79,-0.33100,0.65025,1.06625,-194.625,-0.313,302.078,-194.980,2.335,301.890
1541,372879882,22.76,-0.19112,0.45963,0.59800,-203.547,-36.875,256.766,-203.902,-34.227,256.578
1542,372890625,22.76,0.00725,0.60388,0.24113,-203.391,-33.500,204.875,-203.746,-30.852,204.687
1543,372900390,22.80,0.14075,0.83062,0.23062,-156.859,-21.250,186.766,-157.215,-18.602,186.578
1544,372910156,22.78,0.21288,0.88575,0.32350,-96.656,-21.531,189.844,-97.011,-18.884,189.656
1545,372920898,22.78,0.34600,0.75087,0.37612,-75.578,-31.313,165.469,-75.933,-28.665,165.281
1546,372930664,22.77,0.49875,0.70437,0.37050,-47.109,-79.609,150.406,-47.465,-76.962,150.218
1547,372940429,22.77,0.53938,0.96262,0.27737,22.078,-84.328,184.594,21.723,-81.680,184.406
1548,372950195,22.76,0.48762,1.09925,0.28213,88.094,-86.031,218.469,87.739,-83.384,218.281
1549,372959960,22.76,0.42275,0.78212,0.30138,96.891,-83.234,217.266,96.535,-80.587,217.078
1550,372970703,22.76,0.36200,-0.01200,0.24750,61.672,-77.328,177.063,61.317,-74.680,176.874
1551,372980468,22.76,0.43712,0.00900,0.13275,26.703,-69.672,114.594,26.348,-67.024,114.406
1552,372990234,22.79,0.47600,0.34637,0.06025,21.406,-55.234,74.234,21.051,-52.587,74.046
1553,373000000,22.79,0.48625,0.49475,0.06463,36.406,-39.234,69.953,36.051,-36.587,69.765
1554,373009765,22.84,0.49838,0.28813,0.09700,43.188,-26.125,61.688,42.832,-23.477,61.499
1555,373020507,22.84,0.50175,0.08625,0.09375,33.625,-16.578,28.313,33.270,-13.930,28.124
1556,373030273,22.80,0.48800,0.06925,0.11288,19.016,-7.531,-14.609,18.660,-4.884,-14.797
1557,373040039,22.80,0.48562,0.09863,0.18325,-7.484,-4.438,-54.953,-7.840,-1.790,-55.141
1558,373049804,22.77,0.50313,0.08075,0.21413,-50.016,-5.969,-96.563,-50.371,-3.321,-96.751
1559,373060546,22.77,0.47763,0.02200,0.16700,-99.797,-5.547,-141.141,-100.152,-2.899,-141.329
1560,373070312,22.77,0.39863,-0.01762,0.18388,-124.125,5.922,-191.563,-124.480,8.570,-191.751
1561,373080078,22.77,0.28300,0.07212,0.31525,-149.188,19.188,-247.641,-149.543,21.835,-247.829
1562,373089843,22.78,0.10963,0.30888,0.40800,-185.766,32.484,-298.250,-186.121,35.132,-298.438
1563,373100585,22.80,-0.05412,0.55175,0.48213,-215.531,52.297,-330.125,-215.886,54.945,-330.313
1564,373110351,22.80,-0.14263,0.68050,0.61413,-234.250,68.156,-349.109,-234.605,70.804,-349.297
1565,373120117,22.79,-0.12912,0.79087,0.73925,-242.234,73.078,-369.641,-242.590,75.726,-369.829
1566,373129882,22.79,-0.00637,0.91850,0.82400,-250.047,68.734,-361.313,-250.402,71.382,-361.501
1567,373140625,22.77,0.05850,1.02175,0.82888,-248.797,52.156,-337.344,-249.152,54.804,-337.532
1568,373150390,22.77,0.06875,1.16575,0.89987,-219.422,31.922,-300.453,-219.777,34.570,-300.641
1569,373160156,22.77,0.07825,1.28175,0.89150,-211.984,5.672,-267.563,-212.340,8.320,-267.751
1570,373169921,22.77,0.05875,1.23975,0.81450,-237.672,-18.641,-256.031,-238.027,-15.993,-256.219
1571,373180664,22.77,0.12850,1.42487,0.65450,-240.531,-35.406,-239.344,-240.886,-32.759,-239.532
1572,373190429,22.77,0.27537,1.57475,0.50213,-231.438,-43.000,-203.563,-231.793,-40.352,-203.751
1573,373200195,22.78,0.33737,1.65175,0.31775,-199.984,-49.969,-163.625,-200.340,-47.321,-163.813
1574,373209960,22.78,0.36762,1.64787,0.11950,-109.313,-42.906,-115.625,-109.668,-40.259,-115.813
1575,373219726,22.78,0.36512,1.48762,0.07287,-19.828,-26.344,-69.266,-20.183,-23.696,-69.454
1576,373230468,22.78,0.22112,1.21750,0.20075,43.219,-13.391,-43.406,42.864,-10.743,-43.594
1577,373240234,22.75,0.04662,0.98813,0.43875,93.250,-1.375,-34.625,92.895,1.273,-34.813
1578,373250000,22.75,-0.03413,0.79512,0.75562,126.313,2.250,-25.219,125.957,4.898,-25.407
1579,373259765,22.77,-0.13200,0.59100,1.00412,92.453,-11.875,-32.531,92.098,-9.227,-32.719
1580,373270507,22.77,-0.20325,0.53738,0.99400,26.984,-34.172,-59.234,26.629,-31.524,-59.422
1581,373280273,22.79,-0.15887,0.74900,0.77887,-44.234,-44.156,-82.797,-44.590,-41.509,-82.985
1582,373290039,22.79,-0.05500,1.07300,0.55500,-74.922,-36.375,-76.813,-75.277,-33.727,-77.001
1583,373299804,22.76,0.00650,1.26775,0.44062,-74.063,-18.359,-41.500,-74.418,-15.712,-41.688
1584,373311523,22.72,0.04050,1.34963,0.40700,-73.641,7.484,3.328,-73.996,10.132,3.140
1585,373320312,22.72,0.09450,1.47212,0.38588,-90.391,31.500,99.438,-90.746,34.148,99.249
1586,373330078,22.78,0.12225,1.62325,0.29738,-90.547,43.078,149.516,-90.902,45.726,149.328
1587,373339843,22.78,0.12937,1.70538,0.13787,-37.484,61.953,193.859,-37.840,64.601,193.671
1588,373350585,22.77,0.12562,1.71263,0.15900,144.516,68.141,225.953,144.160,70.788,225.765
1589,373361328,22.77,0.07325,1.81275,0.31262,237.266,78.156,274.906,236.910,80.804,274.718
1590,373370117,22.77,0.00950,1.95900,0.60050,318.688,93.063,345.484,318.332,95.710,345.296
1591,373379882,22.77,-0.10750,1.72687,1.00000,395.813,101.594,419.422,395.457,104.241,419.234
1592,373390625,22.82,-0.44488,1.32888,1.29775,445.578,91.250,476.625,445.223,93.898,476.437
1593,373400390,22.82,-0.53375,0.78487,1.39025,469.813,67.234,496.156,469.457,69.882,495.968
1594,373411132,22.77,-0.52625,0.26300,1.31075,430.063,49.406,459.172,429.707,52.054,458.984
1595,373419921,22.77,-0.38900,-0.01663,1.17437,339.906,34.594,378.484,339.551,37.241,378.296
1596,373430664,22.76,-0.09813,-0.05412,0.96562,237.578,5.188,285.953,237.223,7.835,285.765
1597,373440429,22.76,0.19150,0.16262,0.60400,162.141,-19.891,200.422,161.785,-17.243,200.234
1598,373450195,22.76,0.39100,0.67225,0.29812,106.422,-19.953,150.109,106.067,-17.305,149.921
1599,373460937,22.76,0.48638,1.09275,0.18800,130.234,-16.719,162.703,129.879,-14.071,162.515
1600,373469726,22.76,0.45125,0.93850,0.24788,197.453,-12.422,202.906,197.098,-9.774,202.718
1601,373480468,22.76,0.38550,0.33513,0.37312,221.953,-12.781,207.484,221.598,-10.134,207.296
1602,373490234,22.77,0.33825,-0.17438,0.41900,185.203,-17.047,153.578,184.848,-14.399,153.390
1603,373500000,22.77,0.31425,-0.20075,0.34450,115.109,-18.328,67.031,114.754,-15.680,66.843
1604,373509765,22.77,0.33937,0.12037,0.16875,55.734,-12.672,-0.016,55.379,-10.024,-0.204
1605,373520507,22.77,0.37288,0.37312,0.06725,36.281,4.391,-54.719,35.926,7.038,-54.907
1606,373530273,22.77,0.37300,0.39725,0.15000,42.438,14.547,-77.703,42.082,17.195,-77.891
1607,373540039,22.78,0.32937,0.26650,0.26412,51.688,5.266,-118.297,51.332,7.913,-118.485
1608,373549804,22.78,0.30738,0.13900,0.32088,40.250,-7.719,-174.094,39.895,-5.071,-174.282
1609,373560546,22.72,0.33800,0.19450,0.18925,-32.094,-17.813,-221.813,-32.449,-15.165,-222.001
1610,373570312,22.72,0.39737,0.69663,0.19425,-29.688,-30.016,-244.156,-30.043,-27.368,-244.344
1611,373580078,22.80,0.45100,0.83875,0.25362,-14.750,-55.500,-251.406,-15.105,-52.852,-251.594
1612,373589843,22.80,0.48237,0.94763,0.24950,-22.406,-86.172,-253.516,-22.761,-83.524,-253.704
1613,373600585,22.78,0.50513,1.10250,0.15313,-46.438,-113.000,-247.297,-46.793,-110.352,-247.485
1614,373610351,22.78,0.48050,1.29025,-0.03625,-59.344,-127.563,-223.563,-59.699,-124.915,-223.751
1615,373620117,22.78,0.45262,1.47263,-0.17425,-33.313,-121.781,-181.656,-33.668,-119.134,-181.844
1616,373629882,22.78,0.43362,1.49337,-0.17250,4.203,-109.641,-122.016,3.848,-106.993,-122.204
1617,373640625,22.78,0.34125,1.30050,-0.15887,23.594,-93.531,-74.234,23.239,-90.884,-74.422
1618,373650390,22.78,0.27600,1.35475,-0.31488,8.141,-58.500,-53.219,7.785,-55.852,-53.407
1619,373660156,22.77,0.33237,1.86600,-0.58400,13.953,0.859,-9.438,13.598,3.507,-9.626
1620,373669921,22.77,0.31400,2.33475,-0.75075,79.375,64.516,88.313,79.020,67.163,88.124
1621,373680664,22.77,0.19387,2.24613,-0.64212,244.656,118.438,206.703,244.301,121.085,206.515
1622,373690429,22.77,0.10750,1.64925,-0.09050,330.078,151.766,283.563,329.723,154.413,283.374
1623,373700195,22.75,0.04038,0.89363,0.51038,279.797,135.578,302.125,279.442,138.226,301.937
1624,373709960,22.75,0.02637,0.20300,0.77400,254.422,78.719,253.438,254.067,81.366,253.249
1625,373719726,22.77,0.06225,-0.17338,0.64125,142.656,20.063,147.703,142.301,22.710,147.515
1626,373730468,22.75,0.11338,-0.04125,0.28225,17.906,-0.563,-32.719,17.551,2.085,-32.907
1627,373740234,22.75,0.16825,0.43725,0.14738,-39.609,9.719,-38.547,-39.965,12.366,-38.735
1628,373750976,22.75,0.20037,0.80788,0.23725,-36.359,-7.156,-27.500,-36.715,-4.509,-27.688
1629,373759765,22.75,0.19600,0.77512,0.30525,-28.906,-26.297,-42.500,-29.261,-23.649,-42.688
1630,373770507,22.74,0.17800,0.34887,0.24400,-72.813,-36.859,-86.469,-73.168,-34.212,-86.657
1631,373780273,22.74,0.24288,0.37925,0.29025,-133.422,-55.609,-136.156,-133.777,-52.962,-136.344
1632,373790039,22.74,0.31438,0.59037,0.14988,-188.797,-87.234,-183.063,-189.152,-84.587,-183.251
1633,373799804,22.74,0.35125,0.94750,-0.13387,-212.531,-97.266,-206.109,-212.886,-94.618,-206.297
1634,373810546,22.76,0.41350,1.23975,-0.27287,-193.688,-90.859,-200.328,-194.043,-88.212,-200.516
1635,373820312,22.76,0.38800,1.30513,-0.17150,-143.500,-83.891,-174.578,-143.855,-81.243,-174.766
1636,373830078,22.76,0.24738,1.14562,0.12337,-74.047,-88.766,-152.266,-74.402,-86.118,-152.454
1637,373839843,22.76,0.07950,0.86225,0.41150,-99.063,-105.375,-157.031,-99.418,-102.727,-157.219
1638,373850585,22.75,-0.02712,0.75013,0.46675,-171.109,-128.734,-198.516,-171.465,-126.087,-198.704
1639,373860351,22.75,0.00263,1.01737,0.30925,-224.578,-143.984,-236.250,-224.933,-141.337,-236.438
1640,373870117,22.76,0.06100,1.42237,0.01537,-231.141,-142.953,-233.344,-231.496,-140.305,-233.532
1641,373879882,22.76,0.14150,1.66738,-0.29113,-190.422,-120.484,-191.203,-190.777,-117.837,-191.391
1642,373890625,22.78,0.26875,1.68138,-0.45262,-128.500,-86.438,-131.094,-128.855,-83.790,-131.282
1643,373900390,22.78,0.33963,1.57612,-0.45350,-47.625,-53.391,-74.344,-47.980,-50.743,-74.532
1644,373910156,22.71,0.30888,1.42687,-0.32762,26.922,-30.313,-26.422,26.567,-27.665,-26.610
1645,373919921,22.71,0.25525,1.24087,-0.12225,84.406,-16.578,6.625,84.051,-13.930,6.437
1646,373930664,22.75,0.21038,1.07912,0.09900,120.797,-18.938,26.703,120.442,-16.290,26.515
1647,373940429,22.75,0.13550,0.98150,0.15850,129.609,-31.297,24.344,129.254,-28.649,24.156
1648,373950195,22.75,0.02538,0.95750,0.15238,147.813,-30.469,20.563,147.457,-27.821,20.374
1649,373959960,22.74,-0.06400,0.89150,0.32175,103.547,-48.172,1.594,103.192,-45.524,1.406
1650,373969726,22.74,-0.10362,0.76000,0.50938,39.672,-75.953,-29.359,39.317,-73.305,-29.547
1651,373980468,22.76,-0.10225,0.93375,0.10775,-15.031,-87.734,-53.813,-15.386,-85.087,-54.001
1652,373990234,22.76,0.01600,1.17150,-0.20525,-33.594,-69.422,-54.156,-33.949,-66.774,-54.344
1653,374000000,22.73,0.11325,1.26087,-0.25162,-23.578,-40.203,-30.313,-23.933,-37.555,-30.501
1654,374009765,22.73,0.15812,1.15037,-0.14488,-5.938,-25.172,-5.672,-6.293,-22.524,-5.860
1655,374020507,22.77,0.14988,1.02087,-0.13637,2.484,-22.047,2.531,2.129,-19.399,2.343
1656,374030273,22.77,0.12737,1.04025,-0.20388,19.953,-13.500,2.234,19.598,-10.852,2.046
1657,374041015,22.73,0.11338,1.11075,-0.20287,47.438,-5.016,8.625,47.082,-2.368,8.437
1658,374049804,22.73,0.10113,1.13163,-0.20950,79.750,-4.813,15.922,79.395,-2.165,15.734
1659,374060546,22.75,0.10162,1.16075,-0.27525,102.656,1.359,22.141,102.301,4.007,21.953
1660,374070312,22.75,0.09112,1.20188,-0.32975,128.422,16.641,32.375,128.067,19.288,32.187
1661,374080078,22.78,0.05650,1.20962,-0.33875,164.875,35.313,45.594,164.520,37.960,45.406
1662,374089843,22.78,0.03138,1.16663,-0.27675,192.563,54.219,56.844,192.207,56.866,56.656
1663,374100585,22.78,0.03062,1.10213,-0.17863,201.094,67.094,62.906,200.739,69.741,62.718
1664,374110351,22.78,0.02250,1.06038,-0.13287,188.609,79.016,64.219,188.254,81.663,64.031
1665,374120117,22.75,0.04925,1.10900,-0.17538,158.719,97.500,62.672,158.364,100.148,62.484
1666,374129882,22.71,0.12700,1.21850,-0.25800,118.500,119.828,70.344,118.145,122.476,70.156
1667,374141601,22.71,0.14400,1.34888,-0.39437,87.891,161.719,119.938,87.535,164.366,119.749
1668,374150390,22.71,0.12450,1.53650,-0.67912,106.125,218.938,176.578,105.770,221.585,176.390
1669,374160156,22.71,0.06875,1.65175,-0.86462,287.813,281.031,238.000,287.457,283.679,237.812
1670,374169921,22.74,-0.03862,1.51337,-0.45100,349.125,283.875,278.984,348.770,286.523,278.796
1671,374180664,22.74,-0.03075,0.65163,0.99200,350.422,218.188,286.828,350.067,220.835,286.640
1672,374190429,22.73,0.09300,0.12050,0.96475,273.281,132.188,249.875,272.926,134.835,249.687
1673,374200195,22.73,0.17112,-0.14400,0.55412,174.422,63.281,170.422,174.067,65.929,170.234
1674,374209960,22.71,0.26500,0.02425,0.03862,80.063,20.828,84.563,79.707,23.476,84.374
1675,374219726,22.71,0.35925,0.46175,-0.43475,36.078,7.438,32.000,35.723,10.085,31.812
1676,374230468,22.75,0.43075,0.81850,-0.63587,41.453,20.297,25.719,41.098,22.945,25.531
1677,374241210,22.75,0.45613,0.81788,-0.45138,61.922,31.313,40.875,61.567,33.960,40.687
1678,374250000,22.77,0.47763,0.53663,-0.09888,59.797,14.391,38.547,59.442,17.038,38.359
1679,374259765,22.77,0.47237,0.27675,0.13050,14.250,-25.781,7.375,13.895,-23.134,7.187
1680,374270507,22.78,0.40075,0.28025,0.12475,-49.094,-68.859,-43.063,-49.449,-66.212,-43.251
1681,374280273,22.78,0.33263,0.50713,0.01613,-105.391,-95.531,-83.297,-105.746,-92.884,-83.485
1682,374290039,22.76,0.26512,0.72013,-0.02450,-137.047,-109.516,-102.813,-137.402,-106.868,-103.001
1683,374299804,22.76,0.18663,0.78825,0.00575,-159.219,-117.297,-110.531,-159.574,-114.649,-110.719
1684,374310546,22.75,0.10862,0.71575,0.08762,-192.016,-124.297,-123.844,-192.371,-121.649,-124.032
1685,374320312,22.75,0.00375,0.66287,0.11962,-243.625,-140.391,-158.906,-243.980,-137.743,-159.094
1686,374330078,22.72,-0.09800,0.74325,0.05187,-283.078,-157.031,-203.188,-283.433,-154.384,-203.376
1687,374339843,22.75,-0.06650,0.85613,0.08025,-307.031,-168.016,-238.688,-307.386,-165.368,-238.876
1688,374350585,22.75,-0.00263,0.96900,0.18100,-367.844,-201.438,-280.453,-368.199,-198.790,-280.641
1689,374360351,22.72,0.00038,1.19138,0.05437,-360.672,-197.172,-263.031,-361.027,-194.524,-263.219
1690,374370117,22.72,0.01588,1.43213,-0.24550,-290.406,-169.688,-218.891,-290.761,-167.040,-219.079
1691,374379882,22.73,0.13112,1.52375,-0.35913,-255.609,-152.125,-169.328,-255.965,-149.477,-169.516
1692,374390625,22.73,0.31788,1.43425,-0.66575,-232.031,-137.703,-132.422,-232.386,-135.055,-132.610
1693,374400390,22.77,0.36562,1.47725,-1.06600,-161.375,-91.469,-89.875,-161.730,-88.821,-90.063
1694,374410156,22.77,0.35700,1.43250,-1.07787,-65.156,-31.609,-41.797,-65.511,-28.962,-41.985
1695,374419921,22.72,0.29063,1.32100,-0.78387,20.750,12.484,-6.422,20.395,15.132,-6.610
1696,374430664,22.72,0.22175,1.26650,-0.52525,71.594,34.375,15.891,71.239,37.023,15.703
1697,374440429,22.76,0.16875,1.32625,-0.51087,97.250,50.766,34.078,96.895,53.413,33.890
1698,374450195,22.76,0.04725,1.51337,-0.71875,132.141,84.031,59.063,131.785,86.679,58.874
1699,374459960,22.77,-0.07562,1.72125,-0.84575,202.656,151.000,100.719,202.301,153.648,100.531
1700,374469726,22.77,-0.02287,1.77750,-0.56363,259.109,219.563,152.547,258.754,222.210,152.359
1701,374481445,22.73,0.08975,1.71188,-0.06638,275.813,235.656,197.172,275.457,238.304,196.984
1702,374490234,22.73,0.17975,1.61662,0.21850,288.922,201.563,235.469,288.567,204.210,235.281
1703,374500000,22.74,0.12362,1.49838,0.13575,274.938,154.531,266.625,274.582,157.179,266.437
1704,374509765,22.74,-0.07712,1.34363,-0.12675,311.813,126.406,284.359,311.457,129.054,284.171
1705,374520507,22.73,-0.19850,1.17800,-0.14750,345.141,135.859,277.531,344.785,138.507,277.343
1706,374531250,22.78,-0.24838,0.99813,0.16250,304.203,146.234,261.422,303.848,148.882,261.234
1707,374540039,22.78,-0.23262,0.70237,0.48287,255.156,126.875,235.234,254.801,129.523,235.046
1708,374549804,22.69,-0.15313,0.31962,0.59362,165.547,91.422,113.328,165.192,94.070,113.140
1709,374560546,22.69,-0.04863,0.00613,0.52175,-71.281,38.906,28.813,-71.636,41.554,28.624
1710,374570312,22.75,0.06788,-0.05912,0.39513,-161.234,21.688,-37.734,-161.590,24.335,-37.922
1711,374580078,22.75,0.16987,0.14088,0.13887,-208.219,5.453,-72.484,-208.574,8.101,-72.672
1712,374589843,22.77,0.24450,0.37338,0.03475,-220.813,-2.531,-91.313,-221.168,0.116,-91.501
1713,374600585,22.77,0.34013,0.55100,0.05538,-197.563,-8.563,-105.266,-197.918,-5.915,-105.454
1714,374610351,22.73,0.32525,0.57550,0.08188,-169.578,-28.594,-117.828,-169.933,-25.946,-118.016
1715,374620117,22.73,0.27313,0.65300,-0.01912,-168.453,-44.125,-137.359,-168.808,-41.477,-137.547
1716,374630859,22.74,0.25462,0.77012,-0.09663,-171.609,-46.203,-149.672,-171.965,-43.555,-149.860
1717,374640625,22.74,0.26312,0.83988,-0.04425,-164.938,-48.406,-156.609,-165.293,-45.759,-156.797
1718,374650390,22.74,0.29600,0.88913,0.05387,-164.328,-58.672,-161.828,-164.683,-56.024,-162.016
1719,374660156,22.74,0.31775,0.97750,0.05212,-179.313,-77.531,-165.359,-179.668,-74.884,-165.547
1720,374669921,22.72,0.33400,1.11350,-0.10562,-185.031,-92.063,-161.453,-185.386,-89.415,-161.641
1721,374680664,22.72,0.34437,1.26350,-0.33550,-176.797,-92.500,-148.484,-177.152,-89.852,-148.672
1722,374690429,22.77,0.35200,1.39425,-0.56788,-145.500,-77.625,-124.250,-145.855,-74.977,-124.438
1723,374700195,22.77,0.33975,1.47400,-0.68363,-63.484,-43.125,-89.188,-63.840,-40.477,-89.376
1724,374709960,22.77,0.29325,1.48012,-0.49325,37.422,-3.063,-48.219,37.067,-0.415,-48.407
1725,374719726,22.77,0.23337,1.34450,-0.21713,92.375,4.625,-11.406,92.020,7.273,-11.594
1726,374730468,22.75,0.18225,1.13213,-0.13212,113.859,3.453,3.672,113.504,6.101,3.484
1727,374740234,22.74,0.13625,0.99000,-0.12762,109.281,9.234,1.953,108.926,11.882,1.765
1728,374750000,22.74,0.09563,0.94625,-0.07250,98.313,19.109,-10.375,97.957,21.757,-10.563
1729,374759765,22.72,0.06675,0.92375,0.05112,86.484,22.844,-18.578,86.129,25.491,-18.766
1730,374770507,22.72,0.03862,0.88975,0.16262,25.094,3.484,-29.359,24.739,6.132,-29.547
1731,374780273,22.75,0.03062,0.90338,0.13100,-6.094,-6.063,-35.047,-6.449,-3.415,-35.235
1732,374790039,22.75,0.04562,0.94788,0.07375,-27.500,-13.438,-35.672,-27.855,-10.790,-35.860
1733,374799804,22.70,0.06938,0.96337,0.00550,-42.813,-19.859,-35.781,-43.168,-17.212,-35.969
1734,374810546,22.70,0.13525,0.95200,-0.08725,-53.203,-23.734,-37.141,-53.558,-21.087,-37.329
1735,374820312,22.75,0.17588,0.94312,-0.18800,-52.297,-23.500,-38.297,-52.652,-20.852,-38.485
1736,374830078,22.75,0.18550,0.93675,-0.25225,-32.188,-18.531,-40.047,-32.543,-15.884,-40.235
1737,374839843,22.80,0.15513,0.93537,-0.25738,-9.938,-9.875,-42.234,-10.293,-7.227,-42.422
1738,374850585,22.80,0.11688,0.92025,-0.19887,4.516,-0.031,-44.172,4.160,2.616,-44.360
1739,374860351,22.73,0.07825,0.87500,-0.08725,5.953,5.125,-47.984,5.598,7.773,-48.172
1740,374870117,22.73,0.03488,0.74725,0.02550,-24.516,-1.141,-51.828,-24.871,1.507,-52.016
1741,374879882,22.77,0.03775,0.61287,0.04288,-89.484,-8.297,-66.625,-89.840,-5.649,-66.813
1742,374890625,22.77,0.04000,0.65912,0.04263,-101.625,-10.234,-103.703,-101.980,-7.587,-103.891
1743,374900390,22.74,0.00000,0.84100,0.09675,-138.188,-16.875,-130.984,-138.543,-14.227,-131.172
1744,374910156,22.74,-0.03325,1.16538,0.03775,-201.453,-21.500,-165.469,-201.808,-18.852,-165.657
1745,374919921,22.73,-0.04213,1.50113,-0.05387,-156.172,-16.734,-148.984,-156.527,-14.087,-149.172
1746,374930664,22.73,-0.03513,1.61062,-0.05650,-71.781,-7.484,-95.141,-72.136,-4.837,-95.329
1747,374940429,22.73,-0.04163,1.52812,-0.03812,1.047,-0.547,-37.141,0.692,2.101,-37.329
1748,374950195,22.72,-0.05162,1.31600,-0.00475,47.719,5.547,25.500,47.364,8.195,25.312
1749,374959960,22.72,-0.06087,1.06438,0.06350,68.984,10.547,22.781,68.629,13.195,22.593
1750,374969726,22.75,-0.07450,0.86175,0.17463,68.953,0.297,6.453,68.598,2.945,6.265
1751,374980468,22.75,-0.09112,0.75513,0.32175,15.406,-12.484,-12.703,15.051,-9.837,-12.891
1752,374990234,22.74,-0.07925,0.74600,0.33287,6.266,-26.563,-27.563,5.910,-23.915,-27.751
1753,375000000,22.74,-0.07612,0.85938,0.26875,-25.391,-48.172,-45.672,-25.746,-45.524,-45.860
1754,375009765,22.74,-0.10537,1.00125,0.09312,-67.391,-60.234,-59.063,-67.746,-57.587,-59.251
1755,375020507,22.74,-0.05838,1.19613,-0.11138,-56.703,-57.344,-57.547,-57.058,-54.696,-57.735
1756,375030273,22.74,-0.04875,1.39962,-0.27637,-9.500,-42.203,-35.719,-9.855,-39.555,-35.907
1757,375040039,22.74,-0.03562,1.37262,-0.28425,37.953,-20.906,3.359,37.598,-18.259,3.171
1758,375049804,22.74,-0.04113,1.08638,-0.13212,45.266,-9.750,24.750,44.910,-7.102,24.562
1759,375060546,22.74,-0.04950,0.85662,-0.03188,29.734,-11.547,18.031,29.379,-8.899,17.843
1760,375070312,22.70,-0.04362,0.80550,-0.05225,0.750,-13.813,1.266,0.395,-11.165,1.078
1761,375080078,22.70,-0.03450,0.87200,-0.11925,-19.266,-10.391,-12.516,-19.621,-7.743,-12.704
1762,375089843,22.78,-0.04750,0.99225,-0.12500,-27.594,-2.672,-18.188,-27.949,-0.024,-18.376
1763,375100585,22.78,-0.07800,1.08575,-0.03800,-16.891,5.750,-12.063,-17.246,8.398,-12.251
1764,375110351,22.78,-0.09725,1.08987,0.06863,2.391,9.313,-2.016,2.035,11.960,-2.204
1765,375120117,22.78,-0.10550,1.02725,0.14663,20.156,6.953,4.469,19.801,9.601,4.281
1766,375129882,22.76,-0.10412,0.96775,0.17375,16.891,0.594,4.984,16.535,3.241,4.796
1767,375140625,22.76,-0.09788,0.93325,0.16525,9.656,-7.281,-6.609,9.301,-4.634,-6.797
1768,375150390,22.76,-0.07875,0.94450,0.11100,-7.875,-16.766,-5.047,-8.230,-14.118,-5.235
1769,375160156,22.74,-0.06675,0.97313,0.00775,-10.078,-22.453,-4.969,-10.433,-19.805,-5.157
1770,375169921,22.74,-0.06212,0.98850,-0.10750,-13.063,-6.734,-3.031,-13.418,-4.087,-3.219
1771,375180664,22.72,-0.04988,1.00975,-0.06550,0.438,0.922,1.313,0.082,3.570,1.124
1772,375190429,22.72,-0.05862,0.99975,0.03300,4.094,2.969,1.281,3.739,5.616,1.093
1773,375200195,22.71,-0.07988,0.96425,0.10000,10.250,2.031,1.656,9.895,4.679,1.468
1774,375209960,22.71,-0.09913,0.98825,0.02925,19.484,-2.250,4.531,19.129,0.398,4.343
1775,375219726,22.76,-0.07525,0.71113,0.08700,144.578,-5.219,49.156,144.223,-2.571,48.968
1776,375230468,22.76,-0.01613,0.91112,0.06112,44.969,-8.875,22.078,44.614,-6.227,21.890
1777,375240234,22.74,-0.06625,1.21825,-0.08188,106.797,3.344,24.078,106.442,5.991,23.890
1778,375250000,22.74,-0.07237,0.97188,-0.04038,95.547,3.656,19.000,95.192,6.304,18.812
1779,375259765,22.71,-0.05362,0.97288,-0.04400,119.422,2.656,30.031,119.067,5.304,29.843
1780,375270507,22.71,-0.05538,1.00050,-0.08175,107.766,5.359,21.547,107.410,8.007,21.359
1781,375280273,22.76,-0.03313,0.97688,-0.10162,86.438,2.016,21.500,86.082,4.663,21.312
1782,375290039,22.76,-0.04475,0.99062,-0.10337,82.188,1.156,21.563,81.832,3.804,21.374
1783,375299804,22.77,-0.04362,0.99525,-0.13200,61.250,2.094,13.094,60.895,4.741,12.906
1784,375310546,22.77,-0.03388,0.98687,-0.14525,31.781,-1.016,8.781,31.426,1.632,8.593
1785,375320312,22.74,-0.03812,0.98413,-0.13562,11.922,-2.063,4.375,11.567,0.585,4.187
1786,375330078,22.74,-0.03862,0.97713,-0.12437,7.203,-2.344,3.063,6.848,0.304,2.874
1787,375339843,22.70,-0.03938,0.97500,-0.12025,11.688,-2.031,3.469,11.332,0.616,3.281
1788,375350585,22.73,-0.03825,0.97625,-0.12462,16.391,-1.734,3.828,16.035,0.913,3.640
1789,375361328,22.73,-0.03612,0.97725,-0.13137,16.078,-1.844,3.219,15.723,0.804,3.031
1790,375370117,22.71,-0.03425,0.97788,-0.13525,12.859,-2.063,2.578,12.504,0.585,2.390
1791,375379882,22.71,-0.03375,0.97750,-0.13575,9.297,-2.078,2.219,8.942,0.570,2.031
1792,375390625,22.73,-0.03413,0.97562,-0.13487,8.453,-2.125,2.344,8.098,0.523,2.156
1793,375400390,22.73,-0.03388,0.97513,-0.13675,9.031,-2.047,2.375,8.676,0.601,2.187
1794,375411132,22.72,-0.03375,0.97525,-0.13925,8.516,-2.078,2.281,8.160,0.570,2.093
1795,375419921,22.72,-0.03400,0.97500,-0.14063,7.438,-2.047,2.031,7.082,0.601,1.843
1796,375430664,22.73,-0.03400,0.97437,-0.14163,7.141,-2.203,1.953,6.785,0.445,1.765
1797,375440429,22.73,-0.03300,0.97400,-0.14338,6.703,-2.234,1.891,6.348,0.413,1.703
1798,375450195,22.75,-0.03175,0.97350,-0.14525,6.406,-2.297,1.922,6.051,0.351,1.734
1799,375459960,22.75,-0.02975,0.97325,-0.14738,6.172,-2.422,2.000,5.817,0.226,1.812
1800,375469726,22.75,-0.03112,0.97400,-0.14638,5.391,-2.484,2.063,5.035,0.163,1.874
1801,375480468,22.75,-0.03213,0.97425,-0.14488,4.219,-2.375,1.500,3.864,0.273,1.312
1802,375490234,22.69,-0.03100,0.97362,-0.14538,4.641,-2.250,1.438,4.285,0.398,1.249
1803,375500000,22.69,-0.03112,0.97400,-0.14625,5.266,-2.297,1.484,4.910,0.351,1.296
1804,375509765,22.71,-0.03037,0.97388,-0.14813,5.125,-2.203,1.375,4.770,0.445,1.187
1805,375520507,22.71,-0.03025,0.97337,-0.14950,4.797,-2.328,1.328,4.442,0.320,1.140
1806,375530273,22.74,-0.03100,0.97350,-0.15013,3.969,-2.313,1.203,3.614,0.335,1.015
1807,375540039,22.74,-0.03138,0.97350,-0.15000,3.922,-2.297,1.172,3.567,0.351,0.984
1808,375549804,22.76,-0.03175,0.97300,-0.15050,4.000,-2.344,1.156,3.645,0.304,0.968
1809,375560546,22.71,-0.03200,0.97250,-0.15175,4.188,-2.359,1.172,3.832,0.288,0.984
1810,375570312,22.71,-0.03125,0.97213,-0.15250,4.063,-2.313,1.078,3.707,0.335,0.890
1811,375580078,22.70,-0.02962,0.97262,-0.15263,3.797,-2.297,1.078,3.442,0.351,0.890
1812,375589843,22.70,-0.02875,0.97250,-0.15300,3.547,-2.391,1.047,3.192,0.257,0.859
1813,375600585,22.73,-0.02813,0.97188,-0.15463,3.406,-2.344,1.016,3.051,0.304,0.828
1814,375610351,22.73,-0.02750,0.97188,-0.15525,3.453,-2.359,0.938,3.098,0.288,0.749
1815,375620117,22.69,-0.02863,0.97200,-0.15563,3.109,-2.422,0.922,2.754,0.226,0.734
1816,375629882,22.69,-0.02950,0.97125,-0.15575,2.750,-2.391,0.844,2.395,0.257,0.656
1817,375640625,22.71,-0.02975,0.97100,-0.15613,3.094,-2.375,0.891,2.739,0.273,0.703
1818,375650390,22.71,-0.02962,0.97125,-0.15662,3.219,-2.438,0.922,2.864,0.210,0.734
1819,375660156,22.72,-0.03012,0.97162,-0.15700,2.938,-2.469,0.891,2.582,0.179,0.703
1820,375669921,22.72,-0.02987,0.97225,-0.15700,2.578,-2.516,0.828,2.223,0.132,0.640
1821,375680664,22.72,-0.02888,0.97262,-0.15662,2.438,-2.500,0.750,2.082,0.148,0.562
1822,375690429,22.72,-0.02838,0.97225,-0.15725,2.781,-2.438,0.766,2.426,0.210,0.578
1823,375700195,22.72,-0.02750,0.97137,-0.15800,2.922,-2.391,0.781,2.567,0.257,0.593
1824,375709960,22.72,-0.02675,0.97113,-0.15887,2.531,-2.469,0.781,2.176,0.179,0.593
1825,375719726,22.75,-0.02712,0.97137,-0.15925,2.453,-2.469,0.719,2.098,0.179,0.531
1826,375730468,22.75,-0.02687,0.97113,-0.15912,2.578,-2.375,0.719,2.223,0.273,0.531
1827,375740234,22.74,-0.02687,0.97113,-0.16012,2.906,-2.422,0.766,2.551,0.226,0.578
1828,375750976,22.74,-0.02725,0.97113,-0.16125,2.500,-2.438,0.750,2.145,0.210,0.562
1829,375759765,22.74,-0.02700,0.97062,-0.16075,2.172,-2.516,0.641,1.817,0.132,0.453
1830,375770507,22.73,-0.02725,0.97062,-0.16012,1.734,-2.484,0.641,1.379,0.163,0.453
1831,375780273,22.73,-0.02800,0.97075,-0.16025,1.875,-2.484,0.703,1.520,0.163,0.515
1832,375790039,22.71,-0.02838,0.97088,-0.16075,2.328,-2.563,0.734,1.973,0.085,0.546
1833,375800781,22.71,-0.02763,0.97113,-0.16150,2.000,-2.500,0.672,1.645,0.148,0.484
1834,375810546,22.74,-0.02738,0.97025,-0.16200,2.063,-2.484,0.625,1.707,0.163,0.437
1835,375820312,22.74,-0.02750,0.97050,-0.16200,2.141,-2.563,0.672,1.785,0.085,0.484
1836,375830078,22.68,-0.02725,0.97088,-0.16262,2.125,-2.484,0.672,1.770,0.163,0.484
1837,375839843,22.68,-0.02662,0.97050,-0.16312,2.000,-2.484,0.672,1.645,0.163,0.484
1838,375850585,22.69,-0.02600,0.97050,-0.16350,1.875,-2.516,0.594,1.520,0.132,0.406
1839,375860351,22.69,-0.02612,0.97062,-0.16437,1.844,-2.516,0.609,1.489,0.132,0.421
1840,375870117,22.75,-0.02625,0.97062,-0.16375,1.906,-2.563,0.641,1.551,0.085,0.453
1841,375879882,22.75,-0.02587,0.97025,-0.16387,1.859,-2.531,0.609,1.504,0.116,0.421
1842,375890625,22.71,-0.02575,0.97025,-0.16462,1.734,-2.563,0.578,1.379,0.085,0.390
1843,375900390,22.71,-0.02587,0.97037,-0.16387,1.703,-2.484,0.594,1.348,0.163,0.406
1844,375910156,22.71,-0.02600,0.97037,-0.16412,1.906,-2.516,0.563,1.551,0.132,0.374
1845,375919921,22.71,-0.02650,0.97062,-0.16450,1.641,-2.594,0.547,1.285,0.054,0.359
1846,375930664,22.70,-0.02700,0.97000,-0.16437,1.484,-2.531,0.500,1.129,0.116,0.312
1847,375940429,22.70,-0.02700,0.97037,-0.16487,1.625,-2.484,0.547,1.270,0.163,0.359
1848,375950195,22.72,-0.02650,0.97100,-0.16537,1.641,-2.531,0.531,1.285,0.116,0.343
1849,375959960,22.74,-0.02612,0.97075,-0.16562,1.703,-2.578,0.563,1.348,0.070,0.374
1850,375969726,22.74,-0.02637,0.97025,-0.16612,1.609,-2.563,0.531,1.254,0.085,0.343
1851,375980468,22.69,-0.02637,0.97013,-0.16637,1.609,-2.500,0.469,1.254,0.148,0.281
1852,375990234,22.69,-0.02525,0.97013,-0.16650,1.594,-2.531,0.500,1.239,0.116,0.312
1853,376000000,22.74,-0.02450,0.96988,-0.16725,1.547,-2.531,0.469,1.192,0.116,0.281
1854,376009765,22.74,-0.02463,0.96975,-0.16687,1.578,-2.531,0.594,1.223,0.116,0.406
1855,376020507,22.74,-0.02500,0.96962,-0.16700,1.750,-2.484,0.469,1.395,0.163,0.281
1856,376030273,22.74,-0.02463,0.96962,-0.16737,1.609,-2.563,0.469,1.254,0.085,0.281
1857,376040039,22.75,-0.02475,0.97000,-0.16737,1.250,-2.563,0.453,0.895,0.085,0.265
1858,376049804,22.75,-0.02587,0.96975,-0.16762,1.219,-2.531,0.453,0.864,0.116,0.265
1859,376060546,22.70,-0.02612,0.96913,-0.16750,1.297,-2.594,0.453,0.942,0.054,0.265
1860,376070312,22.70,-0.02625,0.96962,-0.16750,1.406,-2.578,0.469,1.051,0.070,0.281
1861,376080078,22.70,-0.02650,0.97025,-0.16775,1.484,-2.594,0.500,1.129,0.054,0.312
1862,376089843,22.70,-0.02500,0.96988,-0.16812,1.188,-2.609,0.453,0.832,0.038,0.265
1863,376100585,22.72,-0.02413,0.96975,-0.16787,1.156,-2.578,0.453,0.801,0.070,0.265
1864,376110351,22.72,-0.02425,0.96962,-0.16812,1.453,-2.563,0.531,1.098,0.085,0.343
1865,376120117,22.72,-0.02450,0.96900,-0.16812,1.422,-2.516,0.484,1.067,0.132,0.296
1866,376129882,22.72,-0.02425,0.96937,-0.16825,1.578,-2.578,0.453,1.223,0.070,0.265
1867,376141601,22.72,-0.02400,0.96975,-0.16962,1.453,-2.500,0.438,1.098,0.148,0.249
1868,376150390,22.68,-0.02450,0.96962,-0.17000,1.250,-2.516,0.422,0.895,0.132,0.234
1869,376160156,22.68,-0.02513,0.96950,-0.17000,1.344,-2.516,0.469,0.989,0.132,0.281
1870,376169921,22.69,-0.02525,0.96937,-0.17000,1.281,-2.531,0.438,0.926,0.116,0.249
1871,376180664,22.69,-0.02550,0.96950,-0.17000,1.031,-2.609,0.484,0.676,0.038,0.296
1872,376190429,22.71,-0.02612,0.96937,-0.17025,1.000,-2.563,0.438,0.645,0.085,0.249
1873,376200195,22.71,-0.02538,0.96900,-0.16975,1.172,-2.563,0.453,0.817,0.085,0.265
1874,376209960,22.68,-0.02425,0.96875,-0.17025,1.250,-2.563,0.391,0.895,0.085,0.203
1875,376219726,22.68,-0.02363,0.96962,-0.17025,1.063,-2.563,0.422,0.707,0.085,0.234
1876,376230468,22.76,-0.02463,0.96888,-0.17050,1.203,-2.578,0.375,0.848,0.070,0.187
1877,376240234,22.76,-0.02450,0.96913,-0.17125,1.328,-2.594,0.422,0.973,0.054,0.234
1878,376250000,22.70,-0.02375,0.96950,-0.17150,1.141,-2.531,0.375,0.785,0.116,0.187
1879,376259765,22.70,-0.02325,0.96937,-0.17075,0.984,-2.609,0.422,0.629,0.038,0.234
1880,376270507,22.71,-0.02425,0.96862,-0.17075,1.141,-2.594,0.406,0.785,0.054,0.218
1881,376280273,22.71,-0.02475,0.96862,-0.17175,1.219,-2.578,0.406,0.864,0.070,0.218
1882,376290039,22.71,-0.02562,0.96837,-0.17213,1.063,-2.594,0.406,0.707,0.054,0.218
1883,376299804,22.71,-0.02525,0.96913,-0.17175,0.984,-2.578,0.422,0.629,0.070,0.234
1884,376310546,22.73,-0.02375,0.97088,-0.17112,1.078,-2.594,0.438,0.723,0.054,0.249
1885,376320312,22.73,-0.02363,0.96825,-0.17175,0.875,-2.609,0.344,0.520,0.038,0.156
1886,376330078,22.72,-0.02388,0.96888,-0.17100,0.844,-2.531,0.422,0.489,0.116,0.234
1887,376339843,22.72,-0.02287,0.97075,-0.17062,1.406,-2.609,0.391,1.051,0.038,0.203
1888,376350585,22.72,-0.02287,0.96850,-0.17225,0.969,-2.578,0.328,0.614,0.070,0.140
1889,376360351,22.70,-0.02488,0.96888,-0.17188,0.844,-2.578,0.406,0.489,0.070,0.218
1890,376370117,22.70,-0.02475,0.96913,-0.17150,1.609,-2.609,0.469,1.254,0.038,0.281
1891,376379882,22.69,-0.02488,0.96913,-0.17288,1.297,-2.563,0.344,0.942,0.085,0.156
1892,376390625,22.69,-0.02525,0.96900,-0.17425,0.750,-2.641,0.375,0.395,0.007,0.187
1893,376400390,22.71,-0.02500,0.96850,-0.17325,0.984,-2.625,0.328,0.629,0.023,0.140
1894,376410156,22.71,-0.02425,0.96837,-0.17288,1.016,-2.641,0.391,0.660,0.007,0.203
1895,376419921,22.72,-0.02400,0.96862,-0.17325,0.938,-2.625,0.391,0.582,0.023,0.203
1896,376430664,22.72,-0.02225,0.96850,-0.17275,0.859,-2.531,0.391,0.504,0.116,0.203
1897,376440429,22.71,-0.02287,0.96925,-0.17275,1.141,-2.578,0.391,0.785,0.070,0.203
1898,376450195,22.71,-0.02225,0.96888,-0.17313,1.063,-2.563,0.375,0.707,0.085,0.187
1899,376459960,22.71,-0.02187,0.96850,-0.17275,0.578,-2.594,0.375,0.223,0.054,0.187
1900,376469726,22.71,-0.02325,0.96913,-0.17338,0.906,-2.594,0.344,0.551,0.054,0.156
1901,376481445,22.70,-0.02388,0.96888,-0.17388,1.141,-2.594,0.391,0.785,0.054,0.203
1902,376490234,22.70,-0.02425,0.96875,-0.17350,0.922,-2.609,0.328,0.567,0.038,0.140
1903,376500000,22.68,-0.02525,0.96850,-0.17363,0.828,-2.594,0.328,0.473,0.054,0.140
1904,376509765,22.68,-0.02500,0.96888,-0.17425,1.031,-2.578,0.391,0.676,0.070,0.203
1905,376520507,22.75,-0.02400,0.96837,-0.17413,1.063,-2.594,0.422,0.707,0.054,0.234
1906,376531250,22.75,-0.02388,0.96825,-0.17413,0.734,-2.656,0.375,0.379,-0.009,0.187
1907,376540039,22.73,-0.02325,0.96862,-0.17425,0.781,-2.625,0.422,0.426,0.023,0.234
1908,376549804,22.73,-0.02250,0.96875,-0.17400,1.063,-2.594,0.484,0.707,0.054,0.296
1909,376560546,22.73,-0.02225,0.96888,-0.17425,0.938,-2.625,0.453,0.582,0.023,0.265
1910,376570312,22.71,-0.02325,0.96875,-0.17438,0.813,-2.594,0.281,0.457,0.054,0.093
1911,376581054,22.71,-0.02350,0.96888,-0.17425,0.813,-2.609,0.328,0.457,0.038,0.140
1912,376589843,22.73,-0.02325,0.96862,-0.17450,0.938,-2.563,0.406,0.582,0.085,0.218
1913,376600585,22.73,-0.02375,0.96837,-0.17438,0.828,-2.563,0.344,0.473,0.085,0.156
1914,376610351,22.70,-0.02388,0.96825,-0.17538,0.969,-2.609,0.422,0.614,0.038,0.234
1915,376620117,22.70,-0.02413,0.96837,-0.17575,1.125,-2.563,0.391,0.770,0.085,0.203
1916,376629882,22.73,-0.02413,0.96800,-0.17525,0.984,-2.609,0.391,0.629,0.038,0.203
1917,376640625,22.73,-0.02287,0.96813,-0.17525,0.875,-2.609,0.375,0.520,0.038,0.187
1918,376650390,22.76,-0.02312,0.96837,-0.17588,0.938,-2.594,0.344,0.582,0.054,0.156
1919,376660156,22.76,-0.02262,0.96813,-0.17563,0.875,-2.563,0.313,0.520,0.085,0.124
1920,376669921,22.72,-0.02200,0.96762,-0.17538,0.766,-2.609,0.344,0.410,0.038,0.156
1921,376680664,22.72,-0.02237,0.96788,-0.17600,0.906,-2.594,0.313,0.551,0.054,0.124
1922,376690429,22.73,-0.02287,0.96837,-0.17600,0.984,-2.531,0.328,0.629,0.116,0.140
1923,376700195,22.73,-0.02287,0.96813,-0.17563,0.750,-2.578,0.375,0.395,0.070,0.187
1924,376709960,22.68,-0.02287,0.96750,-0.17538,0.813,-2.656,0.297,0.457,-0.009,0.109
1925,376719726,22.68,-0.02325,0.96788,-0.17538,0.813,-2.641,0.328,0.457,0.007,0.140
1926,376730468,22.71,-0.02325,0.96825,-0.17588,0.750,-2.641,0.328,0.395,0.007,0.140
1927,376740234,22.71,-0.02287,0.96813,-0.17588,0.828,-2.609,0.313,0.473,0.038,0.124
1928,376750000,22.71,-0.02262,0.96862,-0.17600,0.828,-2.625,0.344,0.473,0.023,0.156
1929,376759765,22.71,-0.02287,0.96875,-0.17600,0.859,-2.641,0.328,0.504,0.007,0.140
1930,376770507,22.73,-0.02287,0.96775,-0.17538,0.734,-2.609,0.281,0.379,0.038,0.093
1931,376780273,22.73,-0.02262,0.96713,-0.17575,0.750,-2.625,0.391,0.395,0.023,0.203
1932,376790039,22.73,-0.02262,0.96775,-0.17663,0.922,-2.625,0.297,0.567,0.023,0.109
1933,376799804,22.75,-0.02275,0.96825,-0.17700,0.891,-2.625,0.344,0.535,0.023,0.156
1934,376810546,22.75,-0.02200,0.96788,-0.17600,0.750,-2.641,0.281,0.395,0.007,0.093
1935,376821289,22.71,-0.02187,0.96788,-0.17663,1.000,-2.609,0.297,0.645,0.038,0.109
1936,376830078,22.71,-0.02325,0.96762,-0.17700,0.891,-2.656,0.375,0.535,-0.009,0.187
1937,376839843,22.68,-0.02287,0.96737,-0.17725,0.422,-2.656,0.344,0.067,-0.009,0.156
1938,376850585,22.68,-0.02400,0.96800,-0.17725,0.828,-2.656,0.391,0.473,-0.009,0.203
1939,376860351,22.71,-0.02337,0.96750,-0.17713,1.047,-2.641,0.438,0.692,0.007,0.249
1940,376871093,22.71,-0.02300,0.96725,-0.17675,0.422,-2.609,0.297,0.067,0.038,0.109
1941,376879882,22.69,-0.02262,0.96788,-0.17675,0.625,-2.609,0.313,0.270,0.038,0.124
1942,376890625,22.69,-0.02125,0.96813,-0.17713,0.984,-2.641,0.375,0.629,0.007,0.187
1943,376900390,22.74,-0.02100,0.96788,-0.17738,0.750,-2.625,0.344,0.395,0.023,0.156
1944,376910156,22.74,-0.02150,0.96750,-0.17713,0.609,-2.625,0.281,0.254,0.023,0.093
1945,376919921,22.73,-0.02250,0.96788,-0.17700,0.859,-2.609,0.344,0.504,0.038,0.156
1946,376930664,22.73,-0.02337,0.96813,-0.17813,1.172,-2.594,0.344,0.817,0.054,0.156
1947,376940429,22.72,-0.02300,0.96737,-0.17938,0.703,-2.688,0.328,0.348,-0.040,0.140
1948,376950195,22.72,-0.02287,0.96700,-0.17950,0.563,-2.656,0.266,0.207,-0.009,0.078
1949,376959960,22.73,-0.02212,0.96750,-0.17925,0.984,-2.641,0.375,0.629,0.007,0.187
1950,376970703,22.73,-0.02175,0.96800,-0.17875,0.891,-2.656,0.281,0.535,-0.009,0.093
1951,376980468,22.73,-0.02100,0.96775,-0.17825,0.484,-2.625,0.250,0.129,0.023,0.062
1952,376990234,22.74,-0.02038,0.96788,-0.17788,0.594,-2.641,0.281,0.239,0.007,0.093
1953,377000000,22.74,-0.02063,0.96825,-0.17738,0.891,-2.609,0.313,0.535,0.038,0.124
1954,377009765,22.69,-0.02125,0.96750,-0.17738,0.734,-2.641,0.266,0.379,0.007,0.078
1955,377020507,22.69,-0.02187,0.96800,-0.17838,0.781,-2.656,0.313,0.426,-0.009,0.124
1956,377030273,22.70,-0.02237,0.96800,-0.17838,0.813,-2.625,0.281,0.457,0.023,0.093
1957,377040039,22.70,-0.02300,0.96813,-0.17875,0.688,-2.625,0.313,0.332,0.023,0.124
1958,377049804,22.70,-0.02400,0.96788,-0.17888,0.734,-2.641,0.266,0.379,0.007,0.078
1959,377060546,22.70,-0.02287,0.96788,-0.17900,0.547,-2.656,0.313,0.192,-0.009,0.124
1960,377070312,22.72,-0.02175,0.96813,-0.17925,0.703,-2.641,0.281,0.348,0.007,0.093
1961,377080078,22.72,-0.02075,0.96825,-0.17900,0.813,-2.656,0.313,0.457,-0.009,0.124
1962,377089843,22.70,-0.01975,0.96737,-0.17888,0.609,-2.656,0.281,0.254,-0.009,0.093
1963,377100585,22.70,-0.01950,0.96700,-0.17838,0.375,-2.672,0.250,0.020,-0.024,0.062
1964,377110351,22.73,-0.02088,0.96825,-0.17863,0.859,-2.625,0.328,0.504,0.023,0.140
1965,377120117,22.73,-0.02262,0.96862,-0.17950,0.938,-2.594,0.375,0.582,0.054,0.187
1966,377129882,22.73,-0.02275,0.96762,-0.17888,0.859,-2.578,0.281,0.504,0.070,0.093
1967,377140625,22.73,-0.02312,0.96562,-0.17800,0.141,-2.594,0.234,-0.215,0.054,0.046
1968,377150390,22.70,-0.02413,0.96725,-0.17838,0.719,-2.625,0.344,0.364,0.023,0.156
1969,377160156,22.70,-0.02337,0.96825,-0.17975,1.609,-2.625,0.453,1.254,0.023,0.265
1970,377169921,22.70,-0.02262,0.96625,-0.17938,0.297,-2.641,0.203,-0.058,0.007,0.015
1971,377180664,22.67,-0.02225,0.96725,-0.17788,0.266,-2.656,0.406,-0.090,-0.009,0.218
1972,377190429,22.67,-0.02100,0.96875,-0.17875,1.500,-2.625,0.281,1.145,0.023,0.093
1973,377200195,22.73,-0.01988,0.96800,-0.17925,0.703,-2.625,0.172,0.348,0.023,-0.016
1974,377209960,22.73,-0.01975,0.96713,-0.17888,0.125,-2.625,0.328,-0.230,0.023,0.140
